Dia: 19.0 m | Vel: 19.0 km/s | theta: 18.3 deg | Strength: 5.0e+05 Pa
Power (W)    Altitude (m)
4.2645e+09   9.9982e+04
4.2738e+09   9.9964e+04
4.2831e+09   9.9946e+04
4.2924e+09   9.9928e+04
4.3018e+09   9.9911e+04
4.3112e+09   9.9893e+04
4.3206e+09   9.9875e+04
4.3301e+09   9.9857e+04
4.3395e+09   9.9839e+04
4.3490e+09   9.9821e+04
4.3585e+09   9.9803e+04
4.3680e+09   9.9785e+04
4.3776e+09   9.9767e+04
4.3871e+09   9.9749e+04
4.3967e+09   9.9732e+04
4.4063e+09   9.9714e+04
4.4160e+09   9.9696e+04
4.4256e+09   9.9678e+04
4.4353e+09   9.9660e+04
4.4450e+09   9.9642e+04
4.4547e+09   9.9624e+04
4.4644e+09   9.9606e+04
4.4742e+09   9.9588e+04
4.4840e+09   9.9571e+04
4.4938e+09   9.9553e+04
4.5036e+09   9.9535e+04
4.5135e+09   9.9517e+04
4.5234e+09   9.9499e+04
4.5333e+09   9.9481e+04
4.5432e+09   9.9463e+04
4.5531e+09   9.9445e+04
4.5631e+09   9.9427e+04
4.5731e+09   9.9410e+04
4.5831e+09   9.9392e+04
4.5931e+09   9.9374e+04
4.6032e+09   9.9356e+04
4.6133e+09   9.9338e+04
4.6234e+09   9.9320e+04
4.6335e+09   9.9302e+04
4.6436e+09   9.9284e+04
4.6538e+09   9.9267e+04
4.6640e+09   9.9249e+04
4.6742e+09   9.9231e+04
4.6845e+09   9.9213e+04
4.6947e+09   9.9195e+04
4.7050e+09   9.9177e+04
4.7154e+09   9.9159e+04
4.7257e+09   9.9141e+04
4.7361e+09   9.9124e+04
4.7464e+09   9.9106e+04
4.7568e+09   9.9088e+04
4.7673e+09   9.9070e+04
4.7777e+09   9.9052e+04
4.7882e+09   9.9034e+04
4.7987e+09   9.9016e+04
4.8092e+09   9.8998e+04
4.8198e+09   9.8981e+04
4.8304e+09   9.8963e+04
4.8410e+09   9.8945e+04
4.8516e+09   9.8927e+04
4.8623e+09   9.8909e+04
4.8729e+09   9.8891e+04
4.8836e+09   9.8873e+04
4.8944e+09   9.8855e+04
4.9051e+09   9.8838e+04
4.9159e+09   9.8820e+04
4.9267e+09   9.8802e+04
4.9375e+09   9.8784e+04
4.9483e+09   9.8766e+04
4.9592e+09   9.8748e+04
4.9701e+09   9.8730e+04
4.9810e+09   9.8712e+04
4.9920e+09   9.8695e+04
5.0029e+09   9.8677e+04
5.0139e+09   9.8659e+04
5.0250e+09   9.8641e+04
5.0360e+09   9.8623e+04
5.0471e+09   9.8605e+04
5.0582e+09   9.8587e+04
5.0693e+09   9.8570e+04
5.0805e+09   9.8552e+04
5.0916e+09   9.8534e+04
5.1028e+09   9.8516e+04
5.1141e+09   9.8498e+04
5.1253e+09   9.8480e+04
5.1366e+09   9.8462e+04
5.1479e+09   9.8445e+04
5.1592e+09   9.8427e+04
5.1706e+09   9.8409e+04
5.1820e+09   9.8391e+04
5.1934e+09   9.8373e+04
5.2048e+09   9.8355e+04
5.2163e+09   9.8337e+04
5.2278e+09   9.8320e+04
5.2393e+09   9.8302e+04
5.2508e+09   9.8284e+04
5.2624e+09   9.8266e+04
5.2740e+09   9.8248e+04
5.2856e+09   9.8230e+04
5.2972e+09   9.8212e+04
5.3089e+09   9.8195e+04
5.3206e+09   9.8177e+04
5.3323e+09   9.8159e+04
5.3441e+09   9.8141e+04
5.3559e+09   9.8123e+04
5.3677e+09   9.8105e+04
5.3795e+09   9.8087e+04
5.3914e+09   9.8070e+04
5.4033e+09   9.8052e+04
5.4152e+09   9.8034e+04
5.4271e+09   9.8016e+04
5.4391e+09   9.7998e+04
5.4511e+09   9.7980e+04
5.4631e+09   9.7962e+04
5.4752e+09   9.7945e+04
5.4873e+09   9.7927e+04
5.4994e+09   9.7909e+04
5.5115e+09   9.7891e+04
5.5237e+09   9.7873e+04
5.5359e+09   9.7855e+04
5.5481e+09   9.7838e+04
5.5604e+09   9.7820e+04
5.5726e+09   9.7802e+04
5.5850e+09   9.7784e+04
5.5973e+09   9.7766e+04
5.6097e+09   9.7748e+04
5.6220e+09   9.7730e+04
5.6345e+09   9.7713e+04
5.6469e+09   9.7695e+04
5.6594e+09   9.7677e+04
5.6719e+09   9.7659e+04
5.6844e+09   9.7641e+04
5.6970e+09   9.7623e+04
5.7096e+09   9.7606e+04
5.7222e+09   9.7588e+04
5.7349e+09   9.7570e+04
5.7476e+09   9.7552e+04
5.7603e+09   9.7534e+04
5.7730e+09   9.7516e+04
5.7858e+09   9.7499e+04
5.7986e+09   9.7481e+04
5.8114e+09   9.7463e+04
5.8243e+09   9.7445e+04
5.8372e+09   9.7427e+04
5.8501e+09   9.7409e+04
5.8630e+09   9.7392e+04
5.8760e+09   9.7374e+04
5.8890e+09   9.7356e+04
5.9021e+09   9.7338e+04
5.9151e+09   9.7320e+04
5.9282e+09   9.7302e+04
5.9414e+09   9.7285e+04
5.9545e+09   9.7267e+04
5.9677e+09   9.7249e+04
5.9809e+09   9.7231e+04
5.9942e+09   9.7213e+04
6.0075e+09   9.7195e+04
6.0208e+09   9.7178e+04
6.0341e+09   9.7160e+04
6.0475e+09   9.7142e+04
6.0609e+09   9.7124e+04
6.0744e+09   9.7106e+04
6.0878e+09   9.7088e+04
6.1013e+09   9.7071e+04
6.1149e+09   9.7053e+04
6.1284e+09   9.7035e+04
6.1420e+09   9.7017e+04
6.1556e+09   9.6999e+04
6.1693e+09   9.6981e+04
6.1830e+09   9.6964e+04
6.1967e+09   9.6946e+04
6.2104e+09   9.6928e+04
6.2242e+09   9.6910e+04
6.2380e+09   9.6892e+04
6.2519e+09   9.6875e+04
6.2658e+09   9.6857e+04
6.2797e+09   9.6839e+04
6.2936e+09   9.6821e+04
6.3076e+09   9.6803e+04
6.3216e+09   9.6785e+04
6.3357e+09   9.6768e+04
6.3497e+09   9.6750e+04
6.3638e+09   9.6732e+04
6.3780e+09   9.6714e+04
6.3921e+09   9.6696e+04
6.4064e+09   9.6679e+04
6.4206e+09   9.6661e+04
6.4349e+09   9.6643e+04
6.4492e+09   9.6625e+04
6.4635e+09   9.6607e+04
6.4779e+09   9.6589e+04
6.4923e+09   9.6572e+04
6.5067e+09   9.6554e+04
6.5212e+09   9.6536e+04
6.5357e+09   9.6518e+04
6.5502e+09   9.6500e+04
6.5648e+09   9.6483e+04
6.5794e+09   9.6465e+04
6.5940e+09   9.6447e+04
6.6087e+09   9.6429e+04
6.6234e+09   9.6411e+04
6.6382e+09   9.6393e+04
6.6529e+09   9.6376e+04
6.6678e+09   9.6358e+04
6.6826e+09   9.6340e+04
6.6975e+09   9.6322e+04
6.7124e+09   9.6304e+04
6.7273e+09   9.6287e+04
6.7423e+09   9.6269e+04
6.7573e+09   9.6251e+04
6.7724e+09   9.6233e+04
6.7875e+09   9.6215e+04
6.8026e+09   9.6198e+04
6.8178e+09   9.6180e+04
6.8330e+09   9.6162e+04
6.8482e+09   9.6144e+04
6.8635e+09   9.6126e+04
6.8788e+09   9.6109e+04
6.8941e+09   9.6091e+04
6.9095e+09   9.6073e+04
6.9249e+09   9.6055e+04
6.9403e+09   9.6037e+04
6.9558e+09   9.6020e+04
6.9713e+09   9.6002e+04
6.9869e+09   9.5984e+04
7.0025e+09   9.5966e+04
7.0181e+09   9.5948e+04
7.0337e+09   9.5931e+04
7.0494e+09   9.5913e+04
7.0652e+09   9.5895e+04
7.0809e+09   9.5877e+04
7.0968e+09   9.5859e+04
7.1126e+09   9.5842e+04
7.1285e+09   9.5824e+04
7.1444e+09   9.5806e+04
7.1604e+09   9.5788e+04
7.1763e+09   9.5770e+04
7.1924e+09   9.5753e+04
7.2084e+09   9.5735e+04
7.2246e+09   9.5717e+04
7.2407e+09   9.5699e+04
7.2569e+09   9.5681e+04
7.2731e+09   9.5664e+04
7.2893e+09   9.5646e+04
7.3056e+09   9.5628e+04
7.3220e+09   9.5610e+04
7.3383e+09   9.5592e+04
7.3548e+09   9.5575e+04
7.3712e+09   9.5557e+04
7.3877e+09   9.5539e+04
7.4042e+09   9.5521e+04
7.4208e+09   9.5503e+04
7.4374e+09   9.5486e+04
7.4540e+09   9.5468e+04
7.4707e+09   9.5450e+04
7.4874e+09   9.5432e+04
7.5042e+09   9.5415e+04
7.5210e+09   9.5397e+04
7.5378e+09   9.5379e+04
7.5547e+09   9.5361e+04
7.5716e+09   9.5343e+04
7.5885e+09   9.5326e+04
7.6055e+09   9.5308e+04
7.6226e+09   9.5290e+04
7.6396e+09   9.5272e+04
7.6567e+09   9.5254e+04
7.6739e+09   9.5237e+04
7.6911e+09   9.5219e+04
7.7083e+09   9.5201e+04
7.7256e+09   9.5183e+04
7.7429e+09   9.5166e+04
7.7603e+09   9.5148e+04
7.7777e+09   9.5130e+04
7.7951e+09   9.5112e+04
7.8126e+09   9.5094e+04
7.8301e+09   9.5077e+04
7.8477e+09   9.5059e+04
7.8653e+09   9.5041e+04
7.8829e+09   9.5023e+04
7.9006e+09   9.5006e+04
7.9183e+09   9.4988e+04
7.9361e+09   9.4970e+04
7.9539e+09   9.4952e+04
7.9717e+09   9.4934e+04
7.9896e+09   9.4917e+04
8.0075e+09   9.4899e+04
8.0255e+09   9.4881e+04
8.0435e+09   9.4863e+04
8.0616e+09   9.4846e+04
8.0797e+09   9.4828e+04
8.0978e+09   9.4810e+04
8.1160e+09   9.4792e+04
8.1343e+09   9.4775e+04
8.1525e+09   9.4757e+04
8.1708e+09   9.4739e+04
8.1892e+09   9.4721e+04
8.2076e+09   9.4703e+04
8.2260e+09   9.4686e+04
8.2445e+09   9.4668e+04
8.2631e+09   9.4650e+04
8.2816e+09   9.4632e+04
8.3002e+09   9.4615e+04
8.3189e+09   9.4597e+04
8.3376e+09   9.4579e+04
8.3564e+09   9.4561e+04
8.3752e+09   9.4544e+04
8.3940e+09   9.4526e+04
8.4129e+09   9.4508e+04
8.4318e+09   9.4490e+04
8.4508e+09   9.4472e+04
8.4698e+09   9.4455e+04
8.4888e+09   9.4437e+04
8.5080e+09   9.4419e+04
8.5271e+09   9.4401e+04
8.5463e+09   9.4384e+04
8.5655e+09   9.4366e+04
8.5848e+09   9.4348e+04
8.6042e+09   9.4330e+04
8.6235e+09   9.4313e+04
8.6429e+09   9.4295e+04
8.6624e+09   9.4277e+04
8.6819e+09   9.4259e+04
8.7015e+09   9.4242e+04
8.7211e+09   9.4224e+04
8.7407e+09   9.4206e+04
8.7604e+09   9.4188e+04
8.7802e+09   9.4171e+04
8.8000e+09   9.4153e+04
8.8198e+09   9.4135e+04
8.8397e+09   9.4117e+04
8.8596e+09   9.4100e+04
8.8796e+09   9.4082e+04
8.8996e+09   9.4064e+04
8.9197e+09   9.4046e+04
8.9398e+09   9.4028e+04
8.9600e+09   9.4011e+04
8.9802e+09   9.3993e+04
9.0005e+09   9.3975e+04
9.0208e+09   9.3957e+04
9.0411e+09   9.3940e+04
9.0615e+09   9.3922e+04
9.0820e+09   9.3904e+04
9.1025e+09   9.3886e+04
9.1230e+09   9.3869e+04
9.1436e+09   9.3851e+04
9.1643e+09   9.3833e+04
9.1850e+09   9.3815e+04
9.2057e+09   9.3798e+04
9.2265e+09   9.3780e+04
9.2473e+09   9.3762e+04
9.2682e+09   9.3744e+04
9.2892e+09   9.3727e+04
9.3102e+09   9.3709e+04
9.3312e+09   9.3691e+04
9.3523e+09   9.3674e+04
9.3734e+09   9.3656e+04
9.3946e+09   9.3638e+04
9.4159e+09   9.3620e+04
9.4372e+09   9.3603e+04
9.4585e+09   9.3585e+04
9.4799e+09   9.3567e+04
9.5013e+09   9.3549e+04
9.5228e+09   9.3532e+04
9.5444e+09   9.3514e+04
9.5659e+09   9.3496e+04
9.5876e+09   9.3478e+04
9.6093e+09   9.3461e+04
9.6310e+09   9.3443e+04
9.6528e+09   9.3425e+04
9.6747e+09   9.3407e+04
9.6966e+09   9.3390e+04
9.7185e+09   9.3372e+04
9.7405e+09   9.3354e+04
9.7626e+09   9.3336e+04
9.7847e+09   9.3319e+04
9.8069e+09   9.3301e+04
9.8291e+09   9.3283e+04
9.8513e+09   9.3266e+04
9.8737e+09   9.3248e+04
9.8960e+09   9.3230e+04
9.9185e+09   9.3212e+04
9.9409e+09   9.3195e+04
9.9635e+09   9.3177e+04
9.9860e+09   9.3159e+04
1.0009e+10   9.3141e+04
1.0031e+10   9.3124e+04
1.0054e+10   9.3106e+04
1.0077e+10   9.3088e+04
1.0100e+10   9.3070e+04
1.0123e+10   9.3053e+04
1.0146e+10   9.3035e+04
1.0169e+10   9.3017e+04
1.0192e+10   9.3000e+04
1.0215e+10   9.2982e+04
1.0238e+10   9.2964e+04
1.0261e+10   9.2946e+04
1.0285e+10   9.2929e+04
1.0308e+10   9.2911e+04
1.0331e+10   9.2893e+04
1.0355e+10   9.2875e+04
1.0378e+10   9.2858e+04
1.0402e+10   9.2840e+04
1.0425e+10   9.2822e+04
1.0449e+10   9.2805e+04
1.0473e+10   9.2787e+04
1.0497e+10   9.2769e+04
1.0521e+10   9.2751e+04
1.0544e+10   9.2734e+04
1.0568e+10   9.2716e+04
1.0592e+10   9.2698e+04
1.0616e+10   9.2681e+04
1.0641e+10   9.2663e+04
1.0665e+10   9.2645e+04
1.0689e+10   9.2627e+04
1.0713e+10   9.2610e+04
1.0738e+10   9.2592e+04
1.0762e+10   9.2574e+04
1.0787e+10   9.2556e+04
1.0811e+10   9.2539e+04
1.0836e+10   9.2521e+04
1.0860e+10   9.2503e+04
1.0885e+10   9.2486e+04
1.0910e+10   9.2468e+04
1.0935e+10   9.2450e+04
1.0960e+10   9.2432e+04
1.0985e+10   9.2415e+04
1.1010e+10   9.2397e+04
1.1035e+10   9.2379e+04
1.1060e+10   9.2362e+04
1.1085e+10   9.2344e+04
1.1110e+10   9.2326e+04
1.1135e+10   9.2308e+04
1.1161e+10   9.2291e+04
1.1186e+10   9.2273e+04
1.1212e+10   9.2255e+04
1.1237e+10   9.2238e+04
1.1263e+10   9.2220e+04
1.1289e+10   9.2202e+04
1.1314e+10   9.2185e+04
1.1340e+10   9.2167e+04
1.1366e+10   9.2149e+04
1.1392e+10   9.2131e+04
1.1418e+10   9.2114e+04
1.1444e+10   9.2096e+04
1.1470e+10   9.2078e+04
1.1496e+10   9.2061e+04
1.1522e+10   9.2043e+04
1.1549e+10   9.2025e+04
1.1575e+10   9.2007e+04
1.1601e+10   9.1990e+04
1.1628e+10   9.1972e+04
1.1654e+10   9.1954e+04
1.1681e+10   9.1937e+04
1.1708e+10   9.1919e+04
1.1734e+10   9.1901e+04
1.1761e+10   9.1884e+04
1.1788e+10   9.1866e+04
1.1815e+10   9.1848e+04
1.1842e+10   9.1830e+04
1.1869e+10   9.1813e+04
1.1896e+10   9.1795e+04
1.1923e+10   9.1777e+04
1.1951e+10   9.1760e+04
1.1978e+10   9.1742e+04
1.2005e+10   9.1724e+04
1.2033e+10   9.1707e+04
1.2060e+10   9.1689e+04
1.2088e+10   9.1671e+04
1.2115e+10   9.1653e+04
1.2143e+10   9.1636e+04
1.2171e+10   9.1618e+04
1.2199e+10   9.1600e+04
1.2227e+10   9.1583e+04
1.2255e+10   9.1565e+04
1.2283e+10   9.1547e+04
1.2311e+10   9.1530e+04
1.2339e+10   9.1512e+04
1.2367e+10   9.1494e+04
1.2395e+10   9.1477e+04
1.2424e+10   9.1459e+04
1.2452e+10   9.1441e+04
1.2481e+10   9.1423e+04
1.2509e+10   9.1406e+04
1.2538e+10   9.1388e+04
1.2567e+10   9.1370e+04
1.2595e+10   9.1353e+04
1.2624e+10   9.1335e+04
1.2653e+10   9.1317e+04
1.2682e+10   9.1300e+04
1.2711e+10   9.1282e+04
1.2740e+10   9.1264e+04
1.2770e+10   9.1247e+04
1.2799e+10   9.1229e+04
1.2828e+10   9.1211e+04
1.2858e+10   9.1194e+04
1.2887e+10   9.1176e+04
1.2917e+10   9.1158e+04
1.2946e+10   9.1140e+04
1.2976e+10   9.1123e+04
1.3006e+10   9.1105e+04
1.3036e+10   9.1087e+04
1.3065e+10   9.1070e+04
1.3095e+10   9.1052e+04
1.3125e+10   9.1034e+04
1.3156e+10   9.1017e+04
1.3186e+10   9.0999e+04
1.3216e+10   9.0981e+04
1.3246e+10   9.0964e+04
1.3277e+10   9.0946e+04
1.3307e+10   9.0928e+04
1.3338e+10   9.0911e+04
1.3368e+10   9.0893e+04
1.3399e+10   9.0875e+04
1.3430e+10   9.0858e+04
1.3461e+10   9.0840e+04
1.3492e+10   9.0822e+04
1.3523e+10   9.0805e+04
1.3554e+10   9.0787e+04
1.3585e+10   9.0769e+04
1.3616e+10   9.0752e+04
1.3647e+10   9.0734e+04
1.3679e+10   9.0716e+04
1.3710e+10   9.0699e+04
1.3742e+10   9.0681e+04
1.3773e+10   9.0663e+04
1.3805e+10   9.0646e+04
1.3837e+10   9.0628e+04
1.3869e+10   9.0610e+04
1.3901e+10   9.0593e+04
1.3933e+10   9.0575e+04
1.3965e+10   9.0557e+04
1.3997e+10   9.0540e+04
1.4029e+10   9.0522e+04
1.4061e+10   9.0504e+04
1.4094e+10   9.0487e+04
1.4126e+10   9.0469e+04
1.4159e+10   9.0451e+04
1.4191e+10   9.0434e+04
1.4224e+10   9.0416e+04
1.4257e+10   9.0398e+04
1.4289e+10   9.0381e+04
1.4322e+10   9.0363e+04
1.4355e+10   9.0345e+04
1.4388e+10   9.0328e+04
1.4422e+10   9.0310e+04
1.4455e+10   9.0292e+04
1.4488e+10   9.0275e+04
1.4522e+10   9.0257e+04
1.4555e+10   9.0239e+04
1.4589e+10   9.0222e+04
1.4622e+10   9.0204e+04
1.4656e+10   9.0186e+04
1.4690e+10   9.0169e+04
1.4724e+10   9.0151e+04
1.4758e+10   9.0133e+04
1.4792e+10   9.0116e+04
1.4826e+10   9.0098e+04
1.4860e+10   9.0080e+04
1.4894e+10   9.0063e+04
1.4929e+10   9.0045e+04
1.4963e+10   9.0027e+04
1.4998e+10   9.0010e+04
1.5032e+10   8.9992e+04
1.5067e+10   8.9974e+04
1.5102e+10   8.9957e+04
1.5137e+10   8.9939e+04
1.5172e+10   8.9921e+04
1.5207e+10   8.9904e+04
1.5242e+10   8.9886e+04
1.5277e+10   8.9868e+04
1.5312e+10   8.9851e+04
1.5348e+10   8.9833e+04
1.5383e+10   8.9815e+04
1.5419e+10   8.9798e+04
1.5454e+10   8.9780e+04
1.5490e+10   8.9763e+04
1.5526e+10   8.9745e+04
1.5562e+10   8.9727e+04
1.5598e+10   8.9710e+04
1.5634e+10   8.9692e+04
1.5670e+10   8.9674e+04
1.5706e+10   8.9657e+04
1.5742e+10   8.9639e+04
1.5779e+10   8.9621e+04
1.5815e+10   8.9604e+04
1.5852e+10   8.9586e+04
1.5889e+10   8.9568e+04
1.5925e+10   8.9551e+04
1.5962e+10   8.9533e+04
1.5999e+10   8.9515e+04
1.6036e+10   8.9498e+04
1.6073e+10   8.9480e+04
1.6111e+10   8.9463e+04
1.6148e+10   8.9445e+04
1.6185e+10   8.9427e+04
1.6223e+10   8.9410e+04
1.6260e+10   8.9392e+04
1.6298e+10   8.9374e+04
1.6336e+10   8.9357e+04
1.6374e+10   8.9339e+04
1.6412e+10   8.9321e+04
1.6450e+10   8.9304e+04
1.6488e+10   8.9286e+04
1.6526e+10   8.9269e+04
1.6564e+10   8.9251e+04
1.6603e+10   8.9233e+04
1.6641e+10   8.9216e+04
1.6680e+10   8.9198e+04
1.6719e+10   8.9180e+04
1.6757e+10   8.9163e+04
1.6796e+10   8.9145e+04
1.6835e+10   8.9127e+04
1.6874e+10   8.9110e+04
1.6913e+10   8.9092e+04
1.6953e+10   8.9075e+04
1.6992e+10   8.9057e+04
1.7031e+10   8.9039e+04
1.7071e+10   8.9022e+04
1.7111e+10   8.9004e+04
1.7150e+10   8.8986e+04
1.7190e+10   8.8969e+04
1.7230e+10   8.8951e+04
1.7270e+10   8.8934e+04
1.7310e+10   8.8916e+04
1.7350e+10   8.8898e+04
1.7391e+10   8.8881e+04
1.7431e+10   8.8863e+04
1.7472e+10   8.8845e+04
1.7512e+10   8.8828e+04
1.7553e+10   8.8810e+04
1.7594e+10   8.8792e+04
1.7635e+10   8.8775e+04
1.7676e+10   8.8757e+04
1.7717e+10   8.8740e+04
1.7758e+10   8.8722e+04
1.7799e+10   8.8704e+04
1.7841e+10   8.8687e+04
1.7882e+10   8.8669e+04
1.7924e+10   8.8652e+04
1.7966e+10   8.8634e+04
1.8007e+10   8.8616e+04
1.8049e+10   8.8599e+04
1.8091e+10   8.8581e+04
1.8133e+10   8.8563e+04
1.8176e+10   8.8546e+04
1.8218e+10   8.8528e+04
1.8260e+10   8.8511e+04
1.8303e+10   8.8493e+04
1.8346e+10   8.8475e+04
1.8388e+10   8.8458e+04
1.8431e+10   8.8440e+04
1.8474e+10   8.8422e+04
1.8517e+10   8.8405e+04
1.8560e+10   8.8387e+04
1.8604e+10   8.8370e+04
1.8647e+10   8.8352e+04
1.8690e+10   8.8334e+04
1.8734e+10   8.8317e+04
1.8778e+10   8.8299e+04
1.8821e+10   8.8282e+04
1.8865e+10   8.8264e+04
1.8909e+10   8.8246e+04
1.8953e+10   8.8229e+04
1.8998e+10   8.8211e+04
1.9042e+10   8.8193e+04
1.9086e+10   8.8176e+04
1.9131e+10   8.8158e+04
1.9176e+10   8.8141e+04
1.9220e+10   8.8123e+04
1.9265e+10   8.8105e+04
1.9310e+10   8.8088e+04
1.9355e+10   8.8070e+04
1.9400e+10   8.8053e+04
1.9446e+10   8.8035e+04
1.9491e+10   8.8017e+04
1.9537e+10   8.8000e+04
1.9582e+10   8.7982e+04
1.9628e+10   8.7965e+04
1.9674e+10   8.7947e+04
1.9720e+10   8.7929e+04
1.9766e+10   8.7912e+04
1.9812e+10   8.7894e+04
1.9858e+10   8.7877e+04
1.9905e+10   8.7859e+04
1.9951e+10   8.7841e+04
1.9998e+10   8.7824e+04
2.0045e+10   8.7806e+04
2.0092e+10   8.7789e+04
2.0139e+10   8.7771e+04
2.0186e+10   8.7753e+04
2.0233e+10   8.7736e+04
2.0280e+10   8.7718e+04
2.0328e+10   8.7701e+04
2.0375e+10   8.7683e+04
2.0423e+10   8.7665e+04
2.0471e+10   8.7648e+04
2.0519e+10   8.7630e+04
2.0567e+10   8.7613e+04
2.0615e+10   8.7595e+04
2.0663e+10   8.7577e+04
2.0712e+10   8.7560e+04
2.0760e+10   8.7542e+04
2.0809e+10   8.7525e+04
2.0857e+10   8.7507e+04
2.0906e+10   8.7489e+04
2.0955e+10   8.7472e+04
2.1004e+10   8.7454e+04
2.1054e+10   8.7437e+04
2.1103e+10   8.7419e+04
2.1152e+10   8.7401e+04
2.1202e+10   8.7384e+04
2.1252e+10   8.7366e+04
2.1302e+10   8.7349e+04
2.1352e+10   8.7331e+04
2.1402e+10   8.7314e+04
2.1452e+10   8.7296e+04
2.1502e+10   8.7278e+04
2.1553e+10   8.7261e+04
2.1603e+10   8.7243e+04
2.1654e+10   8.7226e+04
2.1705e+10   8.7208e+04
2.1756e+10   8.7190e+04
2.1807e+10   8.7173e+04
2.1858e+10   8.7155e+04
2.1909e+10   8.7138e+04
2.1961e+10   8.7120e+04
2.2012e+10   8.7102e+04
2.2064e+10   8.7085e+04
2.2116e+10   8.7067e+04
2.2168e+10   8.7050e+04
2.2220e+10   8.7032e+04
2.2272e+10   8.7015e+04
2.2324e+10   8.6997e+04
2.2377e+10   8.6979e+04
2.2429e+10   8.6962e+04
2.2482e+10   8.6944e+04
2.2535e+10   8.6927e+04
2.2588e+10   8.6909e+04
2.2641e+10   8.6891e+04
2.2694e+10   8.6874e+04
2.2748e+10   8.6856e+04
2.2801e+10   8.6839e+04
2.2855e+10   8.6821e+04
2.2908e+10   8.6804e+04
2.2962e+10   8.6786e+04
2.3016e+10   8.6768e+04
2.3070e+10   8.6751e+04
2.3125e+10   8.6733e+04
2.3179e+10   8.6716e+04
2.3234e+10   8.6698e+04
2.3288e+10   8.6681e+04
2.3343e+10   8.6663e+04
2.3398e+10   8.6645e+04
2.3453e+10   8.6628e+04
2.3509e+10   8.6610e+04
2.3564e+10   8.6593e+04
2.3619e+10   8.6575e+04
2.3675e+10   8.6558e+04
2.3731e+10   8.6540e+04
2.3787e+10   8.6522e+04
2.3843e+10   8.6505e+04
2.3899e+10   8.6487e+04
2.3955e+10   8.6470e+04
2.4012e+10   8.6452e+04
2.4068e+10   8.6435e+04
2.4125e+10   8.6417e+04
2.4182e+10   8.6399e+04
2.4239e+10   8.6382e+04
2.4296e+10   8.6364e+04
2.4354e+10   8.6347e+04
2.4411e+10   8.6329e+04
2.4469e+10   8.6312e+04
2.4526e+10   8.6294e+04
2.4584e+10   8.6277e+04
2.4642e+10   8.6259e+04
2.4700e+10   8.6241e+04
2.4759e+10   8.6224e+04
2.4817e+10   8.6206e+04
2.4876e+10   8.6189e+04
2.4935e+10   8.6171e+04
2.4993e+10   8.6154e+04
2.5052e+10   8.6136e+04
2.5112e+10   8.6118e+04
2.5171e+10   8.6101e+04
2.5230e+10   8.6083e+04
2.5290e+10   8.6066e+04
2.5350e+10   8.6048e+04
2.5410e+10   8.6031e+04
2.5470e+10   8.6013e+04
2.5530e+10   8.5996e+04
2.5590e+10   8.5978e+04
2.5651e+10   8.5960e+04
2.5711e+10   8.5943e+04
2.5772e+10   8.5925e+04
2.5833e+10   8.5908e+04
2.5894e+10   8.5890e+04
2.5956e+10   8.5873e+04
2.6017e+10   8.5855e+04
2.6078e+10   8.5838e+04
2.6140e+10   8.5820e+04
2.6202e+10   8.5802e+04
2.6264e+10   8.5785e+04
2.6326e+10   8.5767e+04
2.6389e+10   8.5750e+04
2.6451e+10   8.5732e+04
2.6514e+10   8.5715e+04
2.6576e+10   8.5697e+04
2.6639e+10   8.5680e+04
2.6702e+10   8.5662e+04
2.6766e+10   8.5645e+04
2.6829e+10   8.5627e+04
2.6893e+10   8.5609e+04
2.6956e+10   8.5592e+04
2.7020e+10   8.5574e+04
2.7084e+10   8.5557e+04
2.7149e+10   8.5539e+04
2.7213e+10   8.5522e+04
2.7277e+10   8.5504e+04
2.7342e+10   8.5487e+04
2.7407e+10   8.5469e+04
2.7472e+10   8.5452e+04
2.7537e+10   8.5434e+04
2.7602e+10   8.5416e+04
2.7668e+10   8.5399e+04
2.7734e+10   8.5381e+04
2.7799e+10   8.5364e+04
2.7865e+10   8.5346e+04
2.7931e+10   8.5329e+04
2.7998e+10   8.5311e+04
2.8064e+10   8.5294e+04
2.8131e+10   8.5276e+04
2.8198e+10   8.5259e+04
2.8265e+10   8.5241e+04
2.8332e+10   8.5224e+04
2.8399e+10   8.5206e+04
2.8466e+10   8.5188e+04
2.8534e+10   8.5171e+04
2.8602e+10   8.5153e+04
2.8670e+10   8.5136e+04
2.8738e+10   8.5118e+04
2.8806e+10   8.5101e+04
2.8875e+10   8.5083e+04
2.8943e+10   8.5066e+04
2.9012e+10   8.5048e+04
2.9081e+10   8.5031e+04
2.9150e+10   8.5013e+04
2.9220e+10   8.4996e+04
2.9289e+10   8.4978e+04
2.9359e+10   8.4960e+04
2.9429e+10   8.4943e+04
2.9499e+10   8.4925e+04
2.9569e+10   8.4908e+04
2.9639e+10   8.4890e+04
2.9710e+10   8.4873e+04
2.9780e+10   8.4855e+04
2.9851e+10   8.4838e+04
2.9922e+10   8.4820e+04
2.9994e+10   8.4803e+04
3.0065e+10   8.4785e+04
3.0137e+10   8.4768e+04
3.0208e+10   8.4750e+04
3.0280e+10   8.4733e+04
3.0352e+10   8.4715e+04
3.0425e+10   8.4698e+04
3.0497e+10   8.4680e+04
3.0570e+10   8.4663e+04
3.0643e+10   8.4645e+04
3.0716e+10   8.4627e+04
3.0789e+10   8.4610e+04
3.0862e+10   8.4592e+04
3.0936e+10   8.4575e+04
3.1010e+10   8.4557e+04
3.1084e+10   8.4540e+04
3.1158e+10   8.4522e+04
3.1232e+10   8.4505e+04
3.1307e+10   8.4487e+04
3.1381e+10   8.4470e+04
3.1456e+10   8.4452e+04
3.1531e+10   8.4435e+04
3.1607e+10   8.4417e+04
3.1682e+10   8.4400e+04
3.1758e+10   8.4382e+04
3.1833e+10   8.4365e+04
3.1909e+10   8.4347e+04
3.1986e+10   8.4330e+04
3.2062e+10   8.4312e+04
3.2139e+10   8.4295e+04
3.2215e+10   8.4277e+04
3.2292e+10   8.4260e+04
3.2369e+10   8.4242e+04
3.2447e+10   8.4225e+04
3.2524e+10   8.4207e+04
3.2602e+10   8.4190e+04
3.2680e+10   8.4172e+04
3.2758e+10   8.4155e+04
3.2836e+10   8.4137e+04
3.2915e+10   8.4120e+04
3.2994e+10   8.4102e+04
3.3072e+10   8.4084e+04
3.3152e+10   8.4067e+04
3.3231e+10   8.4049e+04
3.3310e+10   8.4032e+04
3.3390e+10   8.4014e+04
3.3470e+10   8.3997e+04
3.3550e+10   8.3979e+04
3.3630e+10   8.3962e+04
3.3711e+10   8.3944e+04
3.3791e+10   8.3927e+04
3.3872e+10   8.3909e+04
3.3953e+10   8.3892e+04
3.4035e+10   8.3874e+04
3.4116e+10   8.3857e+04
3.4198e+10   8.3839e+04
3.4280e+10   8.3822e+04
3.4362e+10   8.3804e+04
3.4444e+10   8.3787e+04
3.4527e+10   8.3769e+04
3.4609e+10   8.3752e+04
3.4692e+10   8.3734e+04
3.4776e+10   8.3717e+04
3.4859e+10   8.3699e+04
3.4942e+10   8.3682e+04
3.5026e+10   8.3664e+04
3.5110e+10   8.3647e+04
3.5194e+10   8.3629e+04
3.5279e+10   8.3612e+04
3.5363e+10   8.3594e+04
3.5448e+10   8.3577e+04
3.5533e+10   8.3559e+04
3.5619e+10   8.3542e+04
3.5704e+10   8.3524e+04
3.5790e+10   8.3507e+04
3.5876e+10   8.3489e+04
3.5962e+10   8.3472e+04
3.6048e+10   8.3454e+04
3.6135e+10   8.3437e+04
3.6221e+10   8.3419e+04
3.6308e+10   8.3402e+04
3.6396e+10   8.3384e+04
3.6483e+10   8.3367e+04
3.6571e+10   8.3350e+04
3.6658e+10   8.3332e+04
3.6746e+10   8.3315e+04
3.6835e+10   8.3297e+04
3.6923e+10   8.3280e+04
3.7012e+10   8.3262e+04
3.7101e+10   8.3245e+04
3.7190e+10   8.3227e+04
3.7280e+10   8.3210e+04
3.7369e+10   8.3192e+04
3.7459e+10   8.3175e+04
3.7549e+10   8.3157e+04
3.7639e+10   8.3140e+04
3.7730e+10   8.3122e+04
3.7821e+10   8.3105e+04
3.7912e+10   8.3087e+04
3.8003e+10   8.3070e+04
3.8094e+10   8.3052e+04
3.8186e+10   8.3035e+04
3.8278e+10   8.3017e+04
3.8370e+10   8.3000e+04
3.8463e+10   8.2982e+04
3.8555e+10   8.2965e+04
3.8648e+10   8.2947e+04
3.8741e+10   8.2930e+04
3.8834e+10   8.2912e+04
3.8928e+10   8.2895e+04
3.9022e+10   8.2877e+04
3.9116e+10   8.2860e+04
3.9210e+10   8.2842e+04
3.9304e+10   8.2825e+04
3.9399e+10   8.2807e+04
3.9494e+10   8.2790e+04
3.9589e+10   8.2773e+04
3.9685e+10   8.2755e+04
3.9780e+10   8.2738e+04
3.9876e+10   8.2720e+04
3.9973e+10   8.2703e+04
4.0069e+10   8.2685e+04
4.0166e+10   8.2668e+04
4.0262e+10   8.2650e+04
4.0360e+10   8.2633e+04
4.0457e+10   8.2615e+04
4.0555e+10   8.2598e+04
4.0653e+10   8.2580e+04
4.0751e+10   8.2563e+04
4.0849e+10   8.2545e+04
4.0948e+10   8.2528e+04
4.1046e+10   8.2510e+04
4.1146e+10   8.2493e+04
4.1245e+10   8.2476e+04
4.1345e+10   8.2458e+04
4.1444e+10   8.2441e+04
4.1545e+10   8.2423e+04
4.1645e+10   8.2406e+04
4.1746e+10   8.2388e+04
4.1846e+10   8.2371e+04
4.1948e+10   8.2353e+04
4.2049e+10   8.2336e+04
4.2151e+10   8.2318e+04
4.2253e+10   8.2301e+04
4.2355e+10   8.2283e+04
4.2457e+10   8.2266e+04
4.2560e+10   8.2248e+04
4.2663e+10   8.2231e+04
4.2766e+10   8.2214e+04
4.2869e+10   8.2196e+04
4.2973e+10   8.2179e+04
4.3077e+10   8.2161e+04
4.3181e+10   8.2144e+04
4.3286e+10   8.2126e+04
4.3391e+10   8.2109e+04
4.3496e+10   8.2091e+04
4.3601e+10   8.2074e+04
4.3706e+10   8.2056e+04
4.3812e+10   8.2039e+04
4.3918e+10   8.2021e+04
4.4025e+10   8.2004e+04
4.4131e+10   8.1987e+04
4.4238e+10   8.1969e+04
4.4345e+10   8.1952e+04
4.4453e+10   8.1934e+04
4.4561e+10   8.1917e+04
4.4669e+10   8.1899e+04
4.4777e+10   8.1882e+04
4.4885e+10   8.1864e+04
4.4994e+10   8.1847e+04
4.5103e+10   8.1829e+04
4.5213e+10   8.1812e+04
4.5322e+10   8.1795e+04
4.5432e+10   8.1777e+04
4.5543e+10   8.1760e+04
4.5653e+10   8.1742e+04
4.5764e+10   8.1725e+04
4.5875e+10   8.1707e+04
4.5986e+10   8.1690e+04
4.6098e+10   8.1672e+04
4.6210e+10   8.1655e+04
4.6322e+10   8.1637e+04
4.6434e+10   8.1620e+04
4.6547e+10   8.1603e+04
4.6660e+10   8.1585e+04
4.6773e+10   8.1568e+04
4.6887e+10   8.1550e+04
4.7001e+10   8.1533e+04
4.7115e+10   8.1515e+04
4.7230e+10   8.1498e+04
4.7344e+10   8.1480e+04
4.7459e+10   8.1463e+04
4.7575e+10   8.1446e+04
4.7690e+10   8.1428e+04
4.7806e+10   8.1411e+04
4.7922e+10   8.1393e+04
4.8039e+10   8.1376e+04
4.8156e+10   8.1358e+04
4.8273e+10   8.1341e+04
4.8390e+10   8.1323e+04
4.8508e+10   8.1306e+04
4.8626e+10   8.1289e+04
4.8744e+10   8.1271e+04
4.8863e+10   8.1254e+04
4.8982e+10   8.1236e+04
4.9101e+10   8.1219e+04
4.9221e+10   8.1201e+04
4.9340e+10   8.1184e+04
4.9461e+10   8.1167e+04
4.9581e+10   8.1149e+04
4.9702e+10   8.1132e+04
4.9823e+10   8.1114e+04
4.9944e+10   8.1097e+04
5.0066e+10   8.1079e+04
5.0188e+10   8.1062e+04
5.0310e+10   8.1044e+04
5.0433e+10   8.1027e+04
5.0556e+10   8.1010e+04
5.0679e+10   8.0992e+04
5.0802e+10   8.0975e+04
5.0926e+10   8.0957e+04
5.1050e+10   8.0940e+04
5.1175e+10   8.0922e+04
5.1300e+10   8.0905e+04
5.1425e+10   8.0888e+04
5.1550e+10   8.0870e+04
5.1676e+10   8.0853e+04
5.1802e+10   8.0835e+04
5.1928e+10   8.0818e+04
5.2055e+10   8.0800e+04
5.2182e+10   8.0783e+04
5.2309e+10   8.0766e+04
5.2437e+10   8.0748e+04
5.2565e+10   8.0731e+04
5.2693e+10   8.0713e+04
5.2822e+10   8.0696e+04
5.2951e+10   8.0678e+04
5.3080e+10   8.0661e+04
5.3210e+10   8.0644e+04
5.3340e+10   8.0626e+04
5.3470e+10   8.0609e+04
5.3601e+10   8.0591e+04
5.3732e+10   8.0574e+04
5.3863e+10   8.0557e+04
5.3995e+10   8.0539e+04
5.4127e+10   8.0522e+04
5.4259e+10   8.0504e+04
5.4392e+10   8.0487e+04
5.4525e+10   8.0469e+04
5.4658e+10   8.0452e+04
5.4792e+10   8.0435e+04
5.4926e+10   8.0417e+04
5.5060e+10   8.0400e+04
5.5195e+10   8.0382e+04
5.5330e+10   8.0365e+04
5.5466e+10   8.0348e+04
5.5601e+10   8.0330e+04
5.5737e+10   8.0313e+04
5.5874e+10   8.0295e+04
5.6011e+10   8.0278e+04
5.6148e+10   8.0260e+04
5.6285e+10   8.0243e+04
5.6423e+10   8.0226e+04
5.6561e+10   8.0208e+04
5.6700e+10   8.0191e+04
5.6839e+10   8.0173e+04
5.6978e+10   8.0156e+04
5.7118e+10   8.0139e+04
5.7258e+10   8.0121e+04
5.7398e+10   8.0104e+04
5.7539e+10   8.0086e+04
5.7680e+10   8.0069e+04
5.7821e+10   8.0051e+04
5.7963e+10   8.0034e+04
5.8105e+10   8.0017e+04
5.8247e+10   7.9999e+04
5.8390e+10   7.9982e+04
5.8533e+10   7.9964e+04
5.8677e+10   7.9947e+04
5.8821e+10   7.9930e+04
5.8965e+10   7.9912e+04
5.9110e+10   7.9895e+04
5.9255e+10   7.9877e+04
5.9401e+10   7.9860e+04
5.9546e+10   7.9843e+04
5.9693e+10   7.9825e+04
5.9839e+10   7.9808e+04
5.9986e+10   7.9790e+04
6.0133e+10   7.9773e+04
6.0281e+10   7.9756e+04
6.0429e+10   7.9738e+04
6.0578e+10   7.9721e+04
6.0727e+10   7.9703e+04
6.0876e+10   7.9686e+04
6.1025e+10   7.9669e+04
6.1175e+10   7.9651e+04
6.1326e+10   7.9634e+04
6.1476e+10   7.9616e+04
6.1628e+10   7.9599e+04
6.1779e+10   7.9582e+04
6.1931e+10   7.9564e+04
6.2083e+10   7.9547e+04
6.2236e+10   7.9529e+04
6.2389e+10   7.9512e+04
6.2543e+10   7.9495e+04
6.2697e+10   7.9477e+04
6.2851e+10   7.9460e+04
6.3006e+10   7.9442e+04
6.3161e+10   7.9425e+04
6.3316e+10   7.9408e+04
6.3472e+10   7.9390e+04
6.3628e+10   7.9373e+04
6.3785e+10   7.9355e+04
6.3942e+10   7.9338e+04
6.4099e+10   7.9321e+04
6.4257e+10   7.9303e+04
6.4416e+10   7.9286e+04
6.4574e+10   7.9269e+04
6.4733e+10   7.9251e+04
6.4893e+10   7.9234e+04
6.5053e+10   7.9216e+04
6.5213e+10   7.9199e+04
6.5374e+10   7.9182e+04
6.5535e+10   7.9164e+04
6.5697e+10   7.9147e+04
6.5859e+10   7.9129e+04
6.6021e+10   7.9112e+04
6.6184e+10   7.9095e+04
6.6347e+10   7.9077e+04
6.6511e+10   7.9060e+04
6.6675e+10   7.9043e+04
6.6840e+10   7.9025e+04
6.7005e+10   7.9008e+04
6.7170e+10   7.8990e+04
6.7336e+10   7.8973e+04
6.7502e+10   7.8956e+04
6.7669e+10   7.8938e+04
6.7836e+10   7.8921e+04
6.8003e+10   7.8903e+04
6.8171e+10   7.8886e+04
6.8339e+10   7.8869e+04
6.8508e+10   7.8851e+04
6.8678e+10   7.8834e+04
6.8847e+10   7.8817e+04
6.9017e+10   7.8799e+04
6.9188e+10   7.8782e+04
6.9359e+10   7.8764e+04
6.9530e+10   7.8747e+04
6.9702e+10   7.8730e+04
6.9875e+10   7.8712e+04
7.0047e+10   7.8695e+04
7.0221e+10   7.8678e+04
7.0394e+10   7.8660e+04
7.0568e+10   7.8643e+04
7.0743e+10   7.8625e+04
7.0918e+10   7.8608e+04
7.1093e+10   7.8591e+04
7.1269e+10   7.8573e+04
7.1446e+10   7.8556e+04
7.1623e+10   7.8539e+04
7.1800e+10   7.8521e+04
7.1978e+10   7.8504e+04
7.2156e+10   7.8486e+04
7.2335e+10   7.8469e+04
7.2514e+10   7.8452e+04
7.2693e+10   7.8434e+04
7.2873e+10   7.8417e+04
7.3054e+10   7.8400e+04
7.3235e+10   7.8382e+04
7.3416e+10   7.8365e+04
7.3598e+10   7.8348e+04
7.3781e+10   7.8330e+04
7.3964e+10   7.8313e+04
7.4147e+10   7.8295e+04
7.4331e+10   7.8278e+04
7.4515e+10   7.8261e+04
7.4700e+10   7.8243e+04
7.4885e+10   7.8226e+04
7.5071e+10   7.8209e+04
7.5257e+10   7.8191e+04
7.5444e+10   7.8174e+04
7.5631e+10   7.8157e+04
7.5819e+10   7.8139e+04
7.6007e+10   7.8122e+04
7.6195e+10   7.8104e+04
7.6384e+10   7.8087e+04
7.6574e+10   7.8070e+04
7.6764e+10   7.8052e+04
7.6955e+10   7.8035e+04
7.7146e+10   7.8018e+04
7.7338e+10   7.8000e+04
7.7530e+10   7.7983e+04
7.7722e+10   7.7966e+04
7.7915e+10   7.7948e+04
7.8109e+10   7.7931e+04
7.8303e+10   7.7914e+04
7.8498e+10   7.7896e+04
7.8693e+10   7.7879e+04
7.8888e+10   7.7861e+04
7.9084e+10   7.7844e+04
7.9281e+10   7.7827e+04
7.9478e+10   7.7809e+04
7.9676e+10   7.7792e+04
7.9874e+10   7.7775e+04
8.0073e+10   7.7757e+04
8.0272e+10   7.7740e+04
8.0472e+10   7.7723e+04
8.0672e+10   7.7705e+04
8.0873e+10   7.7688e+04
8.1074e+10   7.7671e+04
8.1276e+10   7.7653e+04
8.1478e+10   7.7636e+04
8.1681e+10   7.7619e+04
8.1884e+10   7.7601e+04
8.2088e+10   7.7584e+04
8.2293e+10   7.7567e+04
8.2498e+10   7.7549e+04
8.2703e+10   7.7532e+04
8.2909e+10   7.7514e+04
8.3116e+10   7.7497e+04
8.3323e+10   7.7480e+04
8.3530e+10   7.7462e+04
8.3739e+10   7.7445e+04
8.3947e+10   7.7428e+04
8.4157e+10   7.7410e+04
8.4366e+10   7.7393e+04
8.4577e+10   7.7376e+04
8.4788e+10   7.7358e+04
8.4999e+10   7.7341e+04
8.5211e+10   7.7324e+04
8.5424e+10   7.7306e+04
8.5637e+10   7.7289e+04
8.5851e+10   7.7272e+04
8.6065e+10   7.7254e+04
8.6280e+10   7.7237e+04
8.6495e+10   7.7220e+04
8.6711e+10   7.7202e+04
8.6927e+10   7.7185e+04
8.7144e+10   7.7168e+04
8.7362e+10   7.7150e+04
8.7580e+10   7.7133e+04
8.7799e+10   7.7116e+04
8.8018e+10   7.7098e+04
8.8238e+10   7.7081e+04
8.8459e+10   7.7064e+04
8.8680e+10   7.7046e+04
8.8901e+10   7.7029e+04
8.9123e+10   7.7012e+04
8.9346e+10   7.6994e+04
8.9569e+10   7.6977e+04
8.9793e+10   7.6960e+04
9.0018e+10   7.6942e+04
9.0243e+10   7.6925e+04
9.0469e+10   7.6908e+04
9.0695e+10   7.6890e+04
9.0922e+10   7.6873e+04
9.1149e+10   7.6856e+04
9.1377e+10   7.6838e+04
9.1606e+10   7.6821e+04
9.1835e+10   7.6804e+04
9.2065e+10   7.6786e+04
9.2296e+10   7.6769e+04
9.2527e+10   7.6752e+04
9.2758e+10   7.6734e+04
9.2991e+10   7.6717e+04
9.3224e+10   7.6700e+04
9.3457e+10   7.6682e+04
9.3691e+10   7.6665e+04
9.3926e+10   7.6648e+04
9.4161e+10   7.6630e+04
9.4397e+10   7.6613e+04
9.4634e+10   7.6596e+04
9.4871e+10   7.6578e+04
9.5109e+10   7.6561e+04
9.5347e+10   7.6544e+04
9.5586e+10   7.6526e+04
9.5826e+10   7.6509e+04
9.6066e+10   7.6492e+04
9.6307e+10   7.6475e+04
9.6548e+10   7.6457e+04
9.6791e+10   7.6440e+04
9.7033e+10   7.6423e+04
9.7277e+10   7.6405e+04
9.7521e+10   7.6388e+04
9.7766e+10   7.6371e+04
9.8011e+10   7.6353e+04
9.8257e+10   7.6336e+04
9.8504e+10   7.6319e+04
9.8751e+10   7.6301e+04
9.8999e+10   7.6284e+04
9.9248e+10   7.6267e+04
9.9497e+10   7.6249e+04
9.9747e+10   7.6232e+04
9.9997e+10   7.6215e+04
1.0025e+11   7.6197e+04
1.0050e+11   7.6180e+04
1.0075e+11   7.6163e+04
1.0101e+11   7.6146e+04
1.0126e+11   7.6128e+04
1.0151e+11   7.6111e+04
1.0177e+11   7.6094e+04
1.0203e+11   7.6076e+04
1.0228e+11   7.6059e+04
1.0254e+11   7.6042e+04
1.0280e+11   7.6024e+04
1.0306e+11   7.6007e+04
1.0332e+11   7.5990e+04
1.0358e+11   7.5972e+04
1.0384e+11   7.5955e+04
1.0410e+11   7.5938e+04
1.0436e+11   7.5921e+04
1.0462e+11   7.5903e+04
1.0489e+11   7.5886e+04
1.0515e+11   7.5869e+04
1.0541e+11   7.5851e+04
1.0568e+11   7.5834e+04
1.0595e+11   7.5817e+04
1.0621e+11   7.5799e+04
1.0648e+11   7.5782e+04
1.0675e+11   7.5765e+04
1.0702e+11   7.5748e+04
1.0729e+11   7.5730e+04
1.0756e+11   7.5713e+04
1.0783e+11   7.5696e+04
1.0810e+11   7.5678e+04
1.0837e+11   7.5661e+04
1.0865e+11   7.5644e+04
1.0892e+11   7.5626e+04
1.0919e+11   7.5609e+04
1.0947e+11   7.5592e+04
1.0975e+11   7.5575e+04
1.1002e+11   7.5557e+04
1.1030e+11   7.5540e+04
1.1058e+11   7.5523e+04
1.1086e+11   7.5505e+04
1.1114e+11   7.5488e+04
1.1142e+11   7.5471e+04
1.1170e+11   7.5453e+04
1.1198e+11   7.5436e+04
1.1226e+11   7.5419e+04
1.1255e+11   7.5402e+04
1.1283e+11   7.5384e+04
1.1312e+11   7.5367e+04
1.1340e+11   7.5350e+04
1.1369e+11   7.5332e+04
1.1398e+11   7.5315e+04
1.1426e+11   7.5298e+04
1.1455e+11   7.5281e+04
1.1484e+11   7.5263e+04
1.1513e+11   7.5246e+04
1.1542e+11   7.5229e+04
1.1572e+11   7.5211e+04
1.1601e+11   7.5194e+04
1.1630e+11   7.5177e+04
1.1660e+11   7.5160e+04
1.1689e+11   7.5142e+04
1.1719e+11   7.5125e+04
1.1748e+11   7.5108e+04
1.1778e+11   7.5090e+04
1.1808e+11   7.5073e+04
1.1838e+11   7.5056e+04
1.1868e+11   7.5039e+04
1.1898e+11   7.5021e+04
1.1928e+11   7.5004e+04
1.1958e+11   7.4987e+04
1.1988e+11   7.4969e+04
1.2019e+11   7.4952e+04
1.2049e+11   7.4935e+04
1.2080e+11   7.4918e+04
1.2110e+11   7.4900e+04
1.2141e+11   7.4883e+04
1.2172e+11   7.4866e+04
1.2203e+11   7.4848e+04
1.2234e+11   7.4831e+04
1.2265e+11   7.4814e+04
1.2296e+11   7.4797e+04
1.2327e+11   7.4779e+04
1.2358e+11   7.4762e+04
1.2389e+11   7.4745e+04
1.2421e+11   7.4728e+04
1.2452e+11   7.4710e+04
1.2484e+11   7.4693e+04
1.2516e+11   7.4676e+04
1.2547e+11   7.4658e+04
1.2579e+11   7.4641e+04
1.2611e+11   7.4624e+04
1.2643e+11   7.4607e+04
1.2675e+11   7.4589e+04
1.2707e+11   7.4572e+04
1.2740e+11   7.4555e+04
1.2772e+11   7.4538e+04
1.2805e+11   7.4520e+04
1.2837e+11   7.4503e+04
1.2870e+11   7.4486e+04
1.2902e+11   7.4468e+04
1.2935e+11   7.4451e+04
1.2968e+11   7.4434e+04
1.3001e+11   7.4417e+04
1.3034e+11   7.4399e+04
1.3067e+11   7.4382e+04
1.3100e+11   7.4365e+04
1.3134e+11   7.4348e+04
1.3167e+11   7.4330e+04
1.3201e+11   7.4313e+04
1.3234e+11   7.4296e+04
1.3268e+11   7.4279e+04
1.3302e+11   7.4261e+04
1.3335e+11   7.4244e+04
1.3369e+11   7.4227e+04
1.3403e+11   7.4209e+04
1.3437e+11   7.4192e+04
1.3472e+11   7.4175e+04
1.3506e+11   7.4158e+04
1.3540e+11   7.4140e+04
1.3575e+11   7.4123e+04
1.3609e+11   7.4106e+04
1.3644e+11   7.4089e+04
1.3679e+11   7.4071e+04
1.3714e+11   7.4054e+04
1.3749e+11   7.4037e+04
1.3784e+11   7.4020e+04
1.3819e+11   7.4002e+04
1.3854e+11   7.3985e+04
1.3889e+11   7.3968e+04
1.3925e+11   7.3951e+04
1.3960e+11   7.3933e+04
1.3996e+11   7.3916e+04
1.4031e+11   7.3899e+04
1.4067e+11   7.3882e+04
1.4103e+11   7.3864e+04
1.4139e+11   7.3847e+04
1.4175e+11   7.3830e+04
1.4211e+11   7.3813e+04
1.4248e+11   7.3795e+04
1.4284e+11   7.3778e+04
1.4320e+11   7.3761e+04
1.4357e+11   7.3744e+04
1.4394e+11   7.3726e+04
1.4430e+11   7.3709e+04
1.4467e+11   7.3692e+04
1.4504e+11   7.3675e+04
1.4541e+11   7.3657e+04
1.4578e+11   7.3640e+04
1.4616e+11   7.3623e+04
1.4653e+11   7.3606e+04
1.4690e+11   7.3588e+04
1.4728e+11   7.3571e+04
1.4766e+11   7.3554e+04
1.4803e+11   7.3537e+04
1.4841e+11   7.3519e+04
1.4879e+11   7.3502e+04
1.4917e+11   7.3485e+04
1.4955e+11   7.3468e+04
1.4994e+11   7.3450e+04
1.5032e+11   7.3433e+04
1.5070e+11   7.3416e+04
1.5109e+11   7.3399e+04
1.5148e+11   7.3381e+04
1.5186e+11   7.3364e+04
1.5225e+11   7.3347e+04
1.5264e+11   7.3330e+04
1.5303e+11   7.3312e+04
1.5342e+11   7.3295e+04
1.5382e+11   7.3278e+04
1.5421e+11   7.3261e+04
1.5461e+11   7.3244e+04
1.5500e+11   7.3226e+04
1.5540e+11   7.3209e+04
1.5580e+11   7.3192e+04
1.5620e+11   7.3175e+04
1.5660e+11   7.3157e+04
1.5700e+11   7.3140e+04
1.5740e+11   7.3123e+04
1.5780e+11   7.3106e+04
1.5821e+11   7.3088e+04
1.5861e+11   7.3071e+04
1.5902e+11   7.3054e+04
1.5943e+11   7.3037e+04
1.5984e+11   7.3019e+04
1.6025e+11   7.3002e+04
1.6066e+11   7.2985e+04
1.6107e+11   7.2968e+04
1.6148e+11   7.2951e+04
1.6190e+11   7.2933e+04
1.6231e+11   7.2916e+04
1.6273e+11   7.2899e+04
1.6315e+11   7.2882e+04
1.6357e+11   7.2864e+04
1.6399e+11   7.2847e+04
1.6441e+11   7.2830e+04
1.6483e+11   7.2813e+04
1.6525e+11   7.2795e+04
1.6568e+11   7.2778e+04
1.6610e+11   7.2761e+04
1.6653e+11   7.2744e+04
1.6696e+11   7.2727e+04
1.6739e+11   7.2709e+04
1.6782e+11   7.2692e+04
1.6825e+11   7.2675e+04
1.6868e+11   7.2658e+04
1.6911e+11   7.2640e+04
1.6955e+11   7.2623e+04
1.6999e+11   7.2606e+04
1.7042e+11   7.2589e+04
1.7086e+11   7.2572e+04
1.7130e+11   7.2554e+04
1.7174e+11   7.2537e+04
1.7218e+11   7.2520e+04
1.7263e+11   7.2503e+04
1.7307e+11   7.2485e+04
1.7352e+11   7.2468e+04
1.7396e+11   7.2451e+04
1.7441e+11   7.2434e+04
1.7486e+11   7.2417e+04
1.7531e+11   7.2399e+04
1.7576e+11   7.2382e+04
1.7621e+11   7.2365e+04
1.7667e+11   7.2348e+04
1.7712e+11   7.2331e+04
1.7758e+11   7.2313e+04
1.7804e+11   7.2296e+04
1.7850e+11   7.2279e+04
1.7896e+11   7.2262e+04
1.7942e+11   7.2244e+04
1.7988e+11   7.2227e+04
1.8034e+11   7.2210e+04
1.8081e+11   7.2193e+04
1.8128e+11   7.2176e+04
1.8174e+11   7.2158e+04
1.8221e+11   7.2141e+04
1.8268e+11   7.2124e+04
1.8315e+11   7.2107e+04
1.8363e+11   7.2090e+04
1.8410e+11   7.2072e+04
1.8457e+11   7.2055e+04
1.8505e+11   7.2038e+04
1.8553e+11   7.2021e+04
1.8601e+11   7.2004e+04
1.8649e+11   7.1986e+04
1.8697e+11   7.1969e+04
1.8745e+11   7.1952e+04
1.8794e+11   7.1935e+04
1.8842e+11   7.1918e+04
1.8891e+11   7.1900e+04
1.8940e+11   7.1883e+04
1.8989e+11   7.1866e+04
1.9038e+11   7.1849e+04
1.9087e+11   7.1832e+04
1.9136e+11   7.1814e+04
1.9186e+11   7.1797e+04
1.9235e+11   7.1780e+04
1.9285e+11   7.1763e+04
1.9335e+11   7.1746e+04
1.9385e+11   7.1728e+04
1.9435e+11   7.1711e+04
1.9485e+11   7.1694e+04
1.9536e+11   7.1677e+04
1.9586e+11   7.1660e+04
1.9637e+11   7.1642e+04
1.9688e+11   7.1625e+04
1.9739e+11   7.1608e+04
1.9790e+11   7.1591e+04
1.9841e+11   7.1574e+04
1.9893e+11   7.1556e+04
1.9944e+11   7.1539e+04
1.9996e+11   7.1522e+04
2.0048e+11   7.1505e+04
2.0100e+11   7.1488e+04
2.0152e+11   7.1470e+04
2.0204e+11   7.1453e+04
2.0256e+11   7.1436e+04
2.0309e+11   7.1419e+04
2.0361e+11   7.1402e+04
2.0414e+11   7.1384e+04
2.0467e+11   7.1367e+04
2.0520e+11   7.1350e+04
2.0573e+11   7.1333e+04
2.0627e+11   7.1316e+04
2.0680e+11   7.1298e+04
2.0734e+11   7.1281e+04
2.0788e+11   7.1264e+04
2.0842e+11   7.1247e+04
2.0896e+11   7.1230e+04
2.0950e+11   7.1213e+04
2.1004e+11   7.1195e+04
2.1059e+11   7.1178e+04
2.1113e+11   7.1161e+04
2.1168e+11   7.1144e+04
2.1223e+11   7.1127e+04
2.1278e+11   7.1109e+04
2.1334e+11   7.1092e+04
2.1389e+11   7.1075e+04
2.1445e+11   7.1058e+04
2.1500e+11   7.1041e+04
2.1556e+11   7.1024e+04
2.1612e+11   7.1006e+04
2.1668e+11   7.0989e+04
2.1725e+11   7.0972e+04
2.1781e+11   7.0955e+04
2.1838e+11   7.0938e+04
2.1895e+11   7.0920e+04
2.1952e+11   7.0903e+04
2.2009e+11   7.0886e+04
2.2066e+11   7.0869e+04
2.2123e+11   7.0852e+04
2.2181e+11   7.0835e+04
2.2239e+11   7.0817e+04
2.2296e+11   7.0800e+04
2.2354e+11   7.0783e+04
2.2413e+11   7.0766e+04
2.2471e+11   7.0749e+04
2.2530e+11   7.0732e+04
2.2588e+11   7.0714e+04
2.2647e+11   7.0697e+04
2.2706e+11   7.0680e+04
2.2765e+11   7.0663e+04
2.2824e+11   7.0646e+04
2.2884e+11   7.0628e+04
2.2944e+11   7.0611e+04
2.3003e+11   7.0594e+04
2.3063e+11   7.0577e+04
2.3123e+11   7.0560e+04
2.3184e+11   7.0543e+04
2.3244e+11   7.0525e+04
2.3305e+11   7.0508e+04
2.3366e+11   7.0491e+04
2.3426e+11   7.0474e+04
2.3488e+11   7.0457e+04
2.3549e+11   7.0440e+04
2.3610e+11   7.0422e+04
2.3672e+11   7.0405e+04
2.3734e+11   7.0388e+04
2.3796e+11   7.0371e+04
2.3858e+11   7.0354e+04
2.3920e+11   7.0337e+04
2.3982e+11   7.0319e+04
2.4045e+11   7.0302e+04
2.4108e+11   7.0285e+04
2.4171e+11   7.0268e+04
2.4234e+11   7.0251e+04
2.4297e+11   7.0234e+04
2.4361e+11   7.0216e+04
2.4424e+11   7.0199e+04
2.4488e+11   7.0182e+04
2.4552e+11   7.0165e+04
2.4616e+11   7.0148e+04
2.4681e+11   7.0131e+04
2.4745e+11   7.0114e+04
2.4810e+11   7.0096e+04
2.4875e+11   7.0079e+04
2.4940e+11   7.0062e+04
2.5005e+11   7.0045e+04
2.5070e+11   7.0028e+04
2.5136e+11   7.0011e+04
2.5202e+11   6.9993e+04
2.5268e+11   6.9976e+04
2.5334e+11   6.9959e+04
2.5400e+11   6.9942e+04
2.5467e+11   6.9925e+04
2.5533e+11   6.9908e+04
2.5600e+11   6.9891e+04
2.5667e+11   6.9873e+04
2.5734e+11   6.9856e+04
2.5802e+11   6.9839e+04
2.5869e+11   6.9822e+04
2.5937e+11   6.9805e+04
2.6005e+11   6.9788e+04
2.6073e+11   6.9770e+04
2.6142e+11   6.9753e+04
2.6210e+11   6.9736e+04
2.6279e+11   6.9719e+04
2.6348e+11   6.9702e+04
2.6417e+11   6.9685e+04
2.6486e+11   6.9668e+04
2.6556e+11   6.9650e+04
2.6625e+11   6.9633e+04
2.6695e+11   6.9616e+04
2.6765e+11   6.9599e+04
2.6835e+11   6.9582e+04
2.6906e+11   6.9565e+04
2.6976e+11   6.9548e+04
2.7047e+11   6.9530e+04
2.7118e+11   6.9513e+04
2.7189e+11   6.9496e+04
2.7261e+11   6.9479e+04
2.7332e+11   6.9462e+04
2.7404e+11   6.9445e+04
2.7476e+11   6.9428e+04
2.7548e+11   6.9410e+04
2.7620e+11   6.9393e+04
2.7693e+11   6.9376e+04
2.7766e+11   6.9359e+04
2.7839e+11   6.9342e+04
2.7912e+11   6.9325e+04
2.7985e+11   6.9308e+04
2.8059e+11   6.9290e+04
2.8133e+11   6.9273e+04
2.8207e+11   6.9256e+04
2.8281e+11   6.9239e+04
2.8355e+11   6.9222e+04
2.8430e+11   6.9205e+04
2.8504e+11   6.9188e+04
2.8579e+11   6.9171e+04
2.8655e+11   6.9153e+04
2.8730e+11   6.9136e+04
2.8806e+11   6.9119e+04
2.8881e+11   6.9102e+04
2.8957e+11   6.9085e+04
2.9034e+11   6.9068e+04
2.9110e+11   6.9051e+04
2.9187e+11   6.9033e+04
2.9264e+11   6.9016e+04
2.9341e+11   6.8999e+04
2.9418e+11   6.8982e+04
2.9496e+11   6.8965e+04
2.9573e+11   6.8948e+04
2.9651e+11   6.8931e+04
2.9729e+11   6.8914e+04
2.9808e+11   6.8896e+04
2.9886e+11   6.8879e+04
2.9965e+11   6.8862e+04
3.0044e+11   6.8845e+04
3.0123e+11   6.8828e+04
3.0203e+11   6.8811e+04
3.0282e+11   6.8794e+04
3.0362e+11   6.8777e+04
3.0442e+11   6.8759e+04
3.0523e+11   6.8742e+04
3.0603e+11   6.8725e+04
3.0684e+11   6.8708e+04
3.0765e+11   6.8691e+04
3.0846e+11   6.8674e+04
3.0927e+11   6.8657e+04
3.1009e+11   6.8640e+04
3.1091e+11   6.8622e+04
3.1173e+11   6.8605e+04
3.1255e+11   6.8588e+04
3.1338e+11   6.8571e+04
3.1421e+11   6.8554e+04
3.1504e+11   6.8537e+04
3.1587e+11   6.8520e+04
3.1670e+11   6.8503e+04
3.1754e+11   6.8486e+04
3.1838e+11   6.8468e+04
3.1922e+11   6.8451e+04
3.2007e+11   6.8434e+04
3.2091e+11   6.8417e+04
3.2176e+11   6.8400e+04
3.2261e+11   6.8383e+04
3.2347e+11   6.8366e+04
3.2432e+11   6.8349e+04
3.2518e+11   6.8331e+04
3.2604e+11   6.8314e+04
3.2690e+11   6.8297e+04
3.2777e+11   6.8280e+04
3.2863e+11   6.8263e+04
3.2950e+11   6.8246e+04
3.3038e+11   6.8229e+04
3.3125e+11   6.8212e+04
3.3213e+11   6.8195e+04
3.3301e+11   6.8177e+04
3.3389e+11   6.8160e+04
3.3477e+11   6.8143e+04
3.3566e+11   6.8126e+04
3.3655e+11   6.8109e+04
3.3744e+11   6.8092e+04
3.3834e+11   6.8075e+04
3.3923e+11   6.8058e+04
3.4013e+11   6.8041e+04
3.4103e+11   6.8024e+04
3.4194e+11   6.8006e+04
3.4284e+11   6.7989e+04
3.4375e+11   6.7972e+04
3.4467e+11   6.7955e+04
3.4558e+11   6.7938e+04
3.4650e+11   6.7921e+04
3.4742e+11   6.7904e+04
3.4834e+11   6.7887e+04
3.4926e+11   6.7870e+04
3.5019e+11   6.7853e+04
3.5112e+11   6.7835e+04
3.5205e+11   6.7818e+04
3.5299e+11   6.7801e+04
3.5392e+11   6.7784e+04
3.5486e+11   6.7767e+04
3.5580e+11   6.7750e+04
3.5675e+11   6.7733e+04
3.5770e+11   6.7716e+04
3.5865e+11   6.7699e+04
3.5960e+11   6.7682e+04
3.6056e+11   6.7664e+04
3.6151e+11   6.7647e+04
3.6247e+11   6.7630e+04
3.6344e+11   6.7613e+04
3.6440e+11   6.7596e+04
3.6537e+11   6.7579e+04
3.6635e+11   6.7562e+04
3.6732e+11   6.7545e+04
3.6830e+11   6.7528e+04
3.6928e+11   6.7511e+04
3.7026e+11   6.7494e+04
3.7124e+11   6.7476e+04
3.7223e+11   6.7459e+04
3.7322e+11   6.7442e+04
3.7422e+11   6.7425e+04
3.7521e+11   6.7408e+04
3.7621e+11   6.7391e+04
3.7721e+11   6.7374e+04
3.7822e+11   6.7357e+04
3.7922e+11   6.7340e+04
3.8023e+11   6.7323e+04
3.8125e+11   6.7306e+04
3.8226e+11   6.7288e+04
3.8328e+11   6.7271e+04
3.8430e+11   6.7254e+04
3.8533e+11   6.7237e+04
3.8635e+11   6.7220e+04
3.8738e+11   6.7203e+04
3.8841e+11   6.7186e+04
3.8945e+11   6.7169e+04
3.9049e+11   6.7152e+04
3.9153e+11   6.7135e+04
3.9257e+11   6.7118e+04
3.9362e+11   6.7101e+04
3.9467e+11   6.7083e+04
3.9572e+11   6.7066e+04
3.9678e+11   6.7049e+04
3.9784e+11   6.7032e+04
3.9890e+11   6.7015e+04
3.9997e+11   6.6998e+04
4.0103e+11   6.6981e+04
4.0210e+11   6.6964e+04
4.0318e+11   6.6947e+04
4.0425e+11   6.6930e+04
4.0533e+11   6.6913e+04
4.0642e+11   6.6896e+04
4.0750e+11   6.6879e+04
4.0859e+11   6.6861e+04
4.0968e+11   6.6844e+04
4.1078e+11   6.6827e+04
4.1187e+11   6.6810e+04
4.1298e+11   6.6793e+04
4.1408e+11   6.6776e+04
4.1519e+11   6.6759e+04
4.1630e+11   6.6742e+04
4.1741e+11   6.6725e+04
4.1853e+11   6.6708e+04
4.1965e+11   6.6691e+04
4.2077e+11   6.6674e+04
4.2189e+11   6.6657e+04
4.2302e+11   6.6640e+04
4.2415e+11   6.6622e+04
4.2529e+11   6.6605e+04
4.2643e+11   6.6588e+04
4.2757e+11   6.6571e+04
4.2871e+11   6.6554e+04
4.2986e+11   6.6537e+04
4.3101e+11   6.6520e+04
4.3217e+11   6.6503e+04
4.3332e+11   6.6486e+04
4.3448e+11   6.6469e+04
4.3565e+11   6.6452e+04
4.3682e+11   6.6435e+04
4.3799e+11   6.6418e+04
4.3916e+11   6.6401e+04
4.4034e+11   6.6384e+04
4.4152e+11   6.6366e+04
4.4270e+11   6.6349e+04
4.4389e+11   6.6332e+04
4.4508e+11   6.6315e+04
4.4627e+11   6.6298e+04
4.4747e+11   6.6281e+04
4.4867e+11   6.6264e+04
4.4987e+11   6.6247e+04
4.5108e+11   6.6230e+04
4.5229e+11   6.6213e+04
4.5350e+11   6.6196e+04
4.5472e+11   6.6179e+04
4.5594e+11   6.6162e+04
4.5716e+11   6.6145e+04
4.5839e+11   6.6128e+04
4.5962e+11   6.6111e+04
4.6086e+11   6.6094e+04
4.6209e+11   6.6076e+04
4.6334e+11   6.6059e+04
4.6458e+11   6.6042e+04
4.6583e+11   6.6025e+04
4.6708e+11   6.6008e+04
4.6834e+11   6.5991e+04
4.6959e+11   6.5974e+04
4.7086e+11   6.5957e+04
4.7212e+11   6.5940e+04
4.7339e+11   6.5923e+04
4.7466e+11   6.5906e+04
4.7594e+11   6.5889e+04
4.7722e+11   6.5872e+04
4.7850e+11   6.5855e+04
4.7979e+11   6.5838e+04
4.8108e+11   6.5821e+04
4.8238e+11   6.5804e+04
4.8367e+11   6.5787e+04
4.8498e+11   6.5770e+04
4.8628e+11   6.5753e+04
4.8759e+11   6.5735e+04
4.8890e+11   6.5718e+04
4.9022e+11   6.5701e+04
4.9154e+11   6.5684e+04
4.9286e+11   6.5667e+04
4.9419e+11   6.5650e+04
4.9552e+11   6.5633e+04
4.9686e+11   6.5616e+04
4.9819e+11   6.5599e+04
4.9954e+11   6.5582e+04
5.0088e+11   6.5565e+04
5.0223e+11   6.5548e+04
5.0359e+11   6.5531e+04
5.0494e+11   6.5514e+04
5.0631e+11   6.5497e+04
5.0767e+11   6.5480e+04
5.0904e+11   6.5463e+04
5.1041e+11   6.5446e+04
5.1179e+11   6.5429e+04
5.1317e+11   6.5412e+04
5.1455e+11   6.5395e+04
5.1594e+11   6.5378e+04
5.1733e+11   6.5361e+04
5.1873e+11   6.5344e+04
5.2013e+11   6.5327e+04
5.2154e+11   6.5309e+04
5.2294e+11   6.5292e+04
5.2436e+11   6.5275e+04
5.2577e+11   6.5258e+04
5.2719e+11   6.5241e+04
5.2861e+11   6.5224e+04
5.3004e+11   6.5207e+04
5.3147e+11   6.5190e+04
5.3291e+11   6.5173e+04
5.3435e+11   6.5156e+04
5.3579e+11   6.5139e+04
5.3724e+11   6.5122e+04
5.3870e+11   6.5105e+04
5.4015e+11   6.5088e+04
5.4161e+11   6.5071e+04
5.4308e+11   6.5054e+04
5.4455e+11   6.5037e+04
5.4602e+11   6.5020e+04
5.4749e+11   6.5003e+04
5.4898e+11   6.4986e+04
5.5046e+11   6.4969e+04
5.5195e+11   6.4952e+04
5.5344e+11   6.4935e+04
5.5494e+11   6.4918e+04
5.5644e+11   6.4901e+04
5.5795e+11   6.4884e+04
5.5946e+11   6.4867e+04
5.6098e+11   6.4850e+04
5.6250e+11   6.4833e+04
5.6402e+11   6.4816e+04
5.6555e+11   6.4799e+04
5.6708e+11   6.4782e+04
5.6862e+11   6.4765e+04
5.7016e+11   6.4748e+04
5.7170e+11   6.4731e+04
5.7325e+11   6.4714e+04
5.7480e+11   6.4697e+04
5.7636e+11   6.4680e+04
5.7792e+11   6.4662e+04
5.7949e+11   6.4645e+04
5.8106e+11   6.4628e+04
5.8264e+11   6.4611e+04
5.8422e+11   6.4594e+04
5.8580e+11   6.4577e+04
5.8739e+11   6.4560e+04
5.8899e+11   6.4543e+04
5.9059e+11   6.4526e+04
5.9219e+11   6.4509e+04
5.9380e+11   6.4492e+04
5.9541e+11   6.4475e+04
5.9702e+11   6.4458e+04
5.9864e+11   6.4441e+04
6.0027e+11   6.4424e+04
6.0190e+11   6.4407e+04
6.0354e+11   6.4390e+04
6.0517e+11   6.4373e+04
6.0682e+11   6.4356e+04
6.0847e+11   6.4339e+04
6.1012e+11   6.4322e+04
6.1178e+11   6.4305e+04
6.1344e+11   6.4288e+04
6.1511e+11   6.4271e+04
6.1678e+11   6.4254e+04
6.1846e+11   6.4237e+04
6.2014e+11   6.4220e+04
6.2183e+11   6.4203e+04
6.2352e+11   6.4186e+04
6.2521e+11   6.4169e+04
6.2691e+11   6.4152e+04
6.2862e+11   6.4135e+04
6.3033e+11   6.4118e+04
6.3205e+11   6.4101e+04
6.3377e+11   6.4084e+04
6.3549e+11   6.4067e+04
6.3722e+11   6.4050e+04
6.3896e+11   6.4033e+04
6.4070e+11   6.4016e+04
6.4244e+11   6.3999e+04
6.4419e+11   6.3982e+04
6.4595e+11   6.3965e+04
6.4770e+11   6.3948e+04
6.4947e+11   6.3931e+04
6.5124e+11   6.3914e+04
6.5301e+11   6.3897e+04
6.5479e+11   6.3880e+04
6.5658e+11   6.3863e+04
6.5837e+11   6.3846e+04
6.6016e+11   6.3829e+04
6.6196e+11   6.3812e+04
6.6377e+11   6.3795e+04
6.6558e+11   6.3778e+04
6.6739e+11   6.3761e+04
6.6921e+11   6.3744e+04
6.7104e+11   6.3727e+04
6.7287e+11   6.3710e+04
6.7471e+11   6.3693e+04
6.7655e+11   6.3676e+04
6.7839e+11   6.3659e+04
6.8025e+11   6.3642e+04
6.8210e+11   6.3625e+04
6.8397e+11   6.3608e+04
6.8583e+11   6.3591e+04
6.8771e+11   6.3574e+04
6.8958e+11   6.3557e+04
6.9147e+11   6.3540e+04
6.9336e+11   6.3523e+04
6.9525e+11   6.3506e+04
6.9715e+11   6.3489e+04
6.9906e+11   6.3472e+04
7.0097e+11   6.3455e+04
7.0288e+11   6.3438e+04
7.0480e+11   6.3421e+04
7.0673e+11   6.3404e+04
7.0866e+11   6.3387e+04
7.1060e+11   6.3370e+04
7.1254e+11   6.3353e+04
7.1449e+11   6.3336e+04
7.1645e+11   6.3319e+04
7.1841e+11   6.3302e+04
7.2037e+11   6.3285e+04
7.2235e+11   6.3269e+04
7.2432e+11   6.3252e+04
7.2630e+11   6.3235e+04
7.2829e+11   6.3218e+04
7.3029e+11   6.3201e+04
7.3229e+11   6.3184e+04
7.3429e+11   6.3167e+04
7.3630e+11   6.3150e+04
7.3832e+11   6.3133e+04
7.4034e+11   6.3116e+04
7.4237e+11   6.3099e+04
7.4440e+11   6.3082e+04
7.4644e+11   6.3065e+04
7.4849e+11   6.3048e+04
7.5054e+11   6.3031e+04
7.5260e+11   6.3014e+04
7.5466e+11   6.2997e+04
7.5673e+11   6.2980e+04
7.5881e+11   6.2963e+04
7.6089e+11   6.2946e+04
7.6297e+11   6.2929e+04
7.6507e+11   6.2912e+04
7.6716e+11   6.2895e+04
7.6927e+11   6.2878e+04
7.7138e+11   6.2861e+04
7.7350e+11   6.2844e+04
7.7562e+11   6.2827e+04
7.7775e+11   6.2810e+04
7.7988e+11   6.2793e+04
7.8203e+11   6.2776e+04
7.8417e+11   6.2759e+04
7.8633e+11   6.2742e+04
7.8849e+11   6.2725e+04
7.9065e+11   6.2708e+04
7.9282e+11   6.2691e+04
7.9500e+11   6.2674e+04
7.9719e+11   6.2657e+04
7.9938e+11   6.2640e+04
8.0157e+11   6.2624e+04
8.0378e+11   6.2607e+04
8.0599e+11   6.2590e+04
8.0820e+11   6.2573e+04
8.1042e+11   6.2556e+04
8.1265e+11   6.2539e+04
8.1489e+11   6.2522e+04
8.1713e+11   6.2505e+04
8.1938e+11   6.2488e+04
8.2163e+11   6.2471e+04
8.2389e+11   6.2454e+04
8.2616e+11   6.2437e+04
8.2843e+11   6.2420e+04
8.3071e+11   6.2403e+04
8.3300e+11   6.2386e+04
8.3529e+11   6.2369e+04
8.3759e+11   6.2352e+04
8.3990e+11   6.2335e+04
8.4221e+11   6.2318e+04
8.4453e+11   6.2301e+04
8.4686e+11   6.2284e+04
8.4919e+11   6.2267e+04
8.5153e+11   6.2250e+04
8.5387e+11   6.2233e+04
8.5623e+11   6.2216e+04
8.5859e+11   6.2200e+04
8.6095e+11   6.2183e+04
8.6333e+11   6.2166e+04
8.6571e+11   6.2149e+04
8.6809e+11   6.2132e+04
8.7049e+11   6.2115e+04
8.7289e+11   6.2098e+04
8.7530e+11   6.2081e+04
8.7771e+11   6.2064e+04
8.8013e+11   6.2047e+04
8.8256e+11   6.2030e+04
8.8500e+11   6.2013e+04
8.8744e+11   6.1996e+04
8.8989e+11   6.1979e+04
8.9234e+11   6.1962e+04
8.9481e+11   6.1945e+04
8.9728e+11   6.1928e+04
8.9976e+11   6.1911e+04
9.0224e+11   6.1894e+04
9.0473e+11   6.1877e+04
9.0723e+11   6.1861e+04
9.0974e+11   6.1844e+04
9.1225e+11   6.1827e+04
9.1477e+11   6.1810e+04
9.1730e+11   6.1793e+04
9.1984e+11   6.1776e+04
9.2238e+11   6.1759e+04
9.2493e+11   6.1742e+04
9.2748e+11   6.1725e+04
9.3005e+11   6.1708e+04
9.3262e+11   6.1691e+04
9.3520e+11   6.1674e+04
9.3779e+11   6.1657e+04
9.4038e+11   6.1640e+04
9.4298e+11   6.1623e+04
9.4559e+11   6.1606e+04
9.4821e+11   6.1589e+04
9.5083e+11   6.1573e+04
9.5346e+11   6.1556e+04
9.5610e+11   6.1539e+04
9.5875e+11   6.1522e+04
9.6140e+11   6.1505e+04
9.6407e+11   6.1488e+04
9.6674e+11   6.1471e+04
9.6941e+11   6.1454e+04
9.7210e+11   6.1437e+04
9.7479e+11   6.1420e+04
9.7749e+11   6.1403e+04
9.8020e+11   6.1386e+04
9.8292e+11   6.1369e+04
9.8564e+11   6.1352e+04
9.8837e+11   6.1335e+04
9.9111e+11   6.1319e+04
9.9386e+11   6.1302e+04
9.9662e+11   6.1285e+04
9.9938e+11   6.1268e+04
1.0022e+12   6.1251e+04
1.0049e+12   6.1234e+04
1.0077e+12   6.1217e+04
1.0105e+12   6.1200e+04
1.0133e+12   6.1183e+04
1.0161e+12   6.1166e+04
1.0190e+12   6.1149e+04
1.0218e+12   6.1132e+04
1.0246e+12   6.1115e+04
1.0275e+12   6.1098e+04
1.0303e+12   6.1082e+04
1.0332e+12   6.1065e+04
1.0360e+12   6.1048e+04
1.0389e+12   6.1031e+04
1.0418e+12   6.1014e+04
1.0447e+12   6.0997e+04
1.0476e+12   6.0980e+04
1.0505e+12   6.0963e+04
1.0534e+12   6.0946e+04
1.0564e+12   6.0929e+04
1.0593e+12   6.0912e+04
1.0622e+12   6.0895e+04
1.0652e+12   6.0878e+04
1.0682e+12   6.0862e+04
1.0711e+12   6.0845e+04
1.0741e+12   6.0828e+04
1.0771e+12   6.0811e+04
1.0801e+12   6.0794e+04
1.0831e+12   6.0777e+04
1.0861e+12   6.0760e+04
1.0891e+12   6.0743e+04
1.0922e+12   6.0726e+04
1.0952e+12   6.0709e+04
1.0982e+12   6.0692e+04
1.1013e+12   6.0675e+04
1.1044e+12   6.0659e+04
1.1074e+12   6.0642e+04
1.1105e+12   6.0625e+04
1.1136e+12   6.0608e+04
1.1167e+12   6.0591e+04
1.1198e+12   6.0574e+04
1.1230e+12   6.0557e+04
1.1261e+12   6.0540e+04
1.1292e+12   6.0523e+04
1.1324e+12   6.0506e+04
1.1355e+12   6.0489e+04
1.1387e+12   6.0473e+04
1.1419e+12   6.0456e+04
1.1451e+12   6.0439e+04
1.1482e+12   6.0422e+04
1.1514e+12   6.0405e+04
1.1547e+12   6.0388e+04
1.1579e+12   6.0371e+04
1.1611e+12   6.0354e+04
1.1643e+12   6.0337e+04
1.1676e+12   6.0320e+04
1.1709e+12   6.0303e+04
1.1741e+12   6.0287e+04
1.1774e+12   6.0270e+04
1.1807e+12   6.0253e+04
1.1840e+12   6.0236e+04
1.1873e+12   6.0219e+04
1.1906e+12   6.0202e+04
1.1939e+12   6.0185e+04
1.1973e+12   6.0168e+04
1.2006e+12   6.0151e+04
1.2040e+12   6.0134e+04
1.2073e+12   6.0118e+04
1.2107e+12   6.0101e+04
1.2141e+12   6.0084e+04
1.2175e+12   6.0067e+04
1.2209e+12   6.0050e+04
1.2243e+12   6.0033e+04
1.2277e+12   6.0016e+04
1.2312e+12   5.9999e+04
1.2346e+12   5.9982e+04
1.2380e+12   5.9965e+04
1.2415e+12   5.9949e+04
1.2450e+12   5.9932e+04
1.2485e+12   5.9915e+04
1.2520e+12   5.9898e+04
1.2555e+12   5.9881e+04
1.2590e+12   5.9864e+04
1.2625e+12   5.9847e+04
1.2660e+12   5.9830e+04
1.2696e+12   5.9813e+04
1.2731e+12   5.9796e+04
1.2767e+12   5.9780e+04
1.2803e+12   5.9763e+04
1.2839e+12   5.9746e+04
1.2875e+12   5.9729e+04
1.2911e+12   5.9712e+04
1.2947e+12   5.9695e+04
1.2983e+12   5.9678e+04
1.3019e+12   5.9661e+04
1.3056e+12   5.9644e+04
1.3093e+12   5.9628e+04
1.3129e+12   5.9611e+04
1.3166e+12   5.9594e+04
1.3203e+12   5.9577e+04
1.3240e+12   5.9560e+04
1.3277e+12   5.9543e+04
1.3314e+12   5.9526e+04
1.3352e+12   5.9509e+04
1.3389e+12   5.9493e+04
1.3427e+12   5.9476e+04
1.3464e+12   5.9459e+04
1.3502e+12   5.9442e+04
1.3540e+12   5.9425e+04
1.3578e+12   5.9408e+04
1.3616e+12   5.9391e+04
1.3654e+12   5.9374e+04
1.3693e+12   5.9357e+04
1.3731e+12   5.9341e+04
1.3770e+12   5.9324e+04
1.3809e+12   5.9307e+04
1.3847e+12   5.9290e+04
1.3886e+12   5.9273e+04
1.3925e+12   5.9256e+04
1.3964e+12   5.9239e+04
1.4004e+12   5.9222e+04
1.4043e+12   5.9206e+04
1.4082e+12   5.9189e+04
1.4122e+12   5.9172e+04
1.4162e+12   5.9155e+04
1.4202e+12   5.9138e+04
1.4241e+12   5.9121e+04
1.4282e+12   5.9104e+04
1.4322e+12   5.9087e+04
1.4362e+12   5.9071e+04
1.4402e+12   5.9054e+04
1.4443e+12   5.9037e+04
1.4484e+12   5.9020e+04
1.4524e+12   5.9003e+04
1.4565e+12   5.8986e+04
1.4606e+12   5.8969e+04
1.4647e+12   5.8952e+04
1.4689e+12   5.8936e+04
1.4730e+12   5.8919e+04
1.4771e+12   5.8902e+04
1.4813e+12   5.8885e+04
1.4855e+12   5.8868e+04
1.4897e+12   5.8851e+04
1.4939e+12   5.8834e+04
1.4981e+12   5.8818e+04
1.5023e+12   5.8801e+04
1.5065e+12   5.8784e+04
1.5108e+12   5.8767e+04
1.5150e+12   5.8750e+04
1.5193e+12   5.8733e+04
1.5236e+12   5.8716e+04
1.5279e+12   5.8699e+04
1.5322e+12   5.8683e+04
1.5365e+12   5.8666e+04
1.5408e+12   5.8649e+04
1.5452e+12   5.8632e+04
1.5495e+12   5.8615e+04
1.5539e+12   5.8598e+04
1.5583e+12   5.8581e+04
1.5627e+12   5.8565e+04
1.5671e+12   5.8548e+04
1.5715e+12   5.8531e+04
1.5760e+12   5.8514e+04
1.5804e+12   5.8497e+04
1.5849e+12   5.8480e+04
1.5894e+12   5.8463e+04
1.5939e+12   5.8447e+04
1.5984e+12   5.8430e+04
1.6029e+12   5.8413e+04
1.6074e+12   5.8396e+04
1.6119e+12   5.8379e+04
1.6165e+12   5.8362e+04
1.6211e+12   5.8345e+04
1.6256e+12   5.8329e+04
1.6302e+12   5.8312e+04
1.6349e+12   5.8295e+04
1.6395e+12   5.8278e+04
1.6441e+12   5.8261e+04
1.6488e+12   5.8244e+04
1.6534e+12   5.8228e+04
1.6581e+12   5.8211e+04
1.6628e+12   5.8194e+04
1.6675e+12   5.8177e+04
1.6722e+12   5.8160e+04
1.6769e+12   5.8143e+04
1.6817e+12   5.8126e+04
1.6865e+12   5.8110e+04
1.6912e+12   5.8093e+04
1.6960e+12   5.8076e+04
1.7008e+12   5.8059e+04
1.7056e+12   5.8042e+04
1.7105e+12   5.8025e+04
1.7153e+12   5.8008e+04
1.7202e+12   5.7992e+04
1.7250e+12   5.7975e+04
1.7299e+12   5.7958e+04
1.7348e+12   5.7941e+04
1.7397e+12   5.7924e+04
1.7447e+12   5.7907e+04
1.7496e+12   5.7891e+04
1.7546e+12   5.7874e+04
1.7596e+12   5.7857e+04
1.7645e+12   5.7840e+04
1.7695e+12   5.7823e+04
1.7746e+12   5.7806e+04
1.7796e+12   5.7790e+04
1.7846e+12   5.7773e+04
1.7897e+12   5.7756e+04
1.7948e+12   5.7739e+04
1.7999e+12   5.7722e+04
1.8050e+12   5.7705e+04
1.8101e+12   5.7689e+04
1.8152e+12   5.7672e+04
1.8204e+12   5.7655e+04
1.8256e+12   5.7638e+04
1.8308e+12   5.7621e+04
1.8359e+12   5.7604e+04
1.8412e+12   5.7588e+04
1.8464e+12   5.7571e+04
1.8516e+12   5.7554e+04
1.8569e+12   5.7537e+04
1.8622e+12   5.7520e+04
1.8675e+12   5.7503e+04
1.8728e+12   5.7487e+04
1.8781e+12   5.7470e+04
1.8834e+12   5.7453e+04
1.8888e+12   5.7436e+04
1.8942e+12   5.7419e+04
1.8995e+12   5.7402e+04
1.9049e+12   5.7386e+04
1.9104e+12   5.7369e+04
1.9158e+12   5.7352e+04
1.9212e+12   5.7335e+04
1.9267e+12   5.7318e+04
1.9322e+12   5.7301e+04
1.9377e+12   5.7285e+04
1.9432e+12   5.7268e+04
1.9487e+12   5.7251e+04
1.9543e+12   5.7234e+04
1.9598e+12   5.7217e+04
1.9654e+12   5.7200e+04
1.9710e+12   5.7184e+04
1.9766e+12   5.7167e+04
1.9823e+12   5.7150e+04
1.9879e+12   5.7133e+04
1.9936e+12   5.7116e+04
1.9992e+12   5.7100e+04
2.0049e+12   5.7083e+04
2.0106e+12   5.7066e+04
2.0164e+12   5.7049e+04
2.0221e+12   5.7032e+04
2.0279e+12   5.7015e+04
2.0337e+12   5.6999e+04
2.0395e+12   5.6982e+04
2.0453e+12   5.6965e+04
2.0511e+12   5.6948e+04
2.0570e+12   5.6931e+04
2.0628e+12   5.6915e+04
2.0687e+12   5.6898e+04
2.0746e+12   5.6881e+04
2.0805e+12   5.6864e+04
2.0865e+12   5.6847e+04
2.0924e+12   5.6830e+04
2.0984e+12   5.6814e+04
2.1044e+12   5.6797e+04
2.1104e+12   5.6780e+04
2.1164e+12   5.6763e+04
2.1224e+12   5.6746e+04
2.1285e+12   5.6730e+04
2.1346e+12   5.6713e+04
2.1407e+12   5.6696e+04
2.1468e+12   5.6679e+04
2.1529e+12   5.6662e+04
2.1591e+12   5.6646e+04
2.1652e+12   5.6629e+04
2.1714e+12   5.6612e+04
2.1776e+12   5.6595e+04
2.1839e+12   5.6578e+04
2.1901e+12   5.6562e+04
2.1964e+12   5.6545e+04
2.2026e+12   5.6528e+04
2.2089e+12   5.6511e+04
2.2153e+12   5.6494e+04
2.2216e+12   5.6477e+04
2.2279e+12   5.6461e+04
2.2343e+12   5.6444e+04
2.2407e+12   5.6427e+04
2.2471e+12   5.6410e+04
2.2535e+12   5.6393e+04
2.2600e+12   5.6377e+04
2.2665e+12   5.6360e+04
2.2729e+12   5.6343e+04
2.2795e+12   5.6326e+04
2.2860e+12   5.6309e+04
2.2925e+12   5.6293e+04
2.2991e+12   5.6276e+04
2.3057e+12   5.6259e+04
2.3123e+12   5.6242e+04
2.3189e+12   5.6225e+04
2.3255e+12   5.6209e+04
2.3322e+12   5.6192e+04
2.3389e+12   5.6175e+04
2.3456e+12   5.6158e+04
2.3523e+12   5.6141e+04
2.3590e+12   5.6125e+04
2.3658e+12   5.6108e+04
2.3726e+12   5.6091e+04
2.3794e+12   5.6074e+04
2.3862e+12   5.6058e+04
2.3930e+12   5.6041e+04
2.3999e+12   5.6024e+04
2.4068e+12   5.6007e+04
2.4137e+12   5.5990e+04
2.4206e+12   5.5974e+04
2.4276e+12   5.5957e+04
2.4345e+12   5.5940e+04
2.4415e+12   5.5923e+04
2.4485e+12   5.5906e+04
2.4555e+12   5.5890e+04
2.4626e+12   5.5873e+04
2.4697e+12   5.5856e+04
2.4767e+12   5.5839e+04
2.4839e+12   5.5822e+04
2.4910e+12   5.5806e+04
2.4981e+12   5.5789e+04
2.5053e+12   5.5772e+04
2.5125e+12   5.5755e+04
2.5197e+12   5.5739e+04
2.5270e+12   5.5722e+04
2.5342e+12   5.5705e+04
2.5415e+12   5.5688e+04
2.5488e+12   5.5671e+04
2.5561e+12   5.5655e+04
2.5635e+12   5.5638e+04
2.5709e+12   5.5621e+04
2.5782e+12   5.5604e+04
2.5857e+12   5.5588e+04
2.5931e+12   5.5571e+04
2.6006e+12   5.5554e+04
2.6080e+12   5.5537e+04
2.6155e+12   5.5520e+04
2.6231e+12   5.5504e+04
2.6306e+12   5.5487e+04
2.6382e+12   5.5470e+04
2.6458e+12   5.5453e+04
2.6534e+12   5.5436e+04
2.6610e+12   5.5420e+04
2.6687e+12   5.5403e+04
2.6763e+12   5.5386e+04
2.6841e+12   5.5369e+04
2.6918e+12   5.5353e+04
2.6995e+12   5.5336e+04
2.7073e+12   5.5319e+04
2.7151e+12   5.5302e+04
2.7229e+12   5.5286e+04
2.7308e+12   5.5269e+04
2.7386e+12   5.5252e+04
2.7465e+12   5.5235e+04
2.7544e+12   5.5218e+04
2.7624e+12   5.5202e+04
2.7703e+12   5.5185e+04
2.7783e+12   5.5168e+04
2.7863e+12   5.5151e+04
2.7944e+12   5.5135e+04
2.8024e+12   5.5118e+04
2.8105e+12   5.5101e+04
2.8186e+12   5.5084e+04
2.8267e+12   5.5068e+04
2.8349e+12   5.5051e+04
2.8431e+12   5.5034e+04
2.8513e+12   5.5017e+04
2.8595e+12   5.5000e+04
2.8677e+12   5.4984e+04
2.8760e+12   5.4967e+04
2.8843e+12   5.4950e+04
2.8926e+12   5.4933e+04
2.9010e+12   5.4917e+04
2.9094e+12   5.4900e+04
2.9178e+12   5.4883e+04
2.9262e+12   5.4866e+04
2.9346e+12   5.4850e+04
2.9431e+12   5.4833e+04
2.9516e+12   5.4816e+04
2.9601e+12   5.4799e+04
2.9687e+12   5.4783e+04
2.9773e+12   5.4766e+04
2.9859e+12   5.4749e+04
2.9945e+12   5.4732e+04
3.0032e+12   5.4716e+04
3.0118e+12   5.4699e+04
3.0205e+12   5.4682e+04
3.0293e+12   5.4665e+04
3.0380e+12   5.4648e+04
3.0468e+12   5.4632e+04
3.0556e+12   5.4615e+04
3.0645e+12   5.4598e+04
3.0733e+12   5.4581e+04
3.0822e+12   5.4565e+04
3.0911e+12   5.4548e+04
3.1001e+12   5.4531e+04
3.1090e+12   5.4514e+04
3.1180e+12   5.4498e+04
3.1271e+12   5.4481e+04
3.1361e+12   5.4464e+04
3.1452e+12   5.4447e+04
3.1543e+12   5.4431e+04
3.1634e+12   5.4414e+04
3.1726e+12   5.4397e+04
3.1818e+12   5.4380e+04
3.1910e+12   5.4364e+04
3.2002e+12   5.4347e+04
3.2095e+12   5.4330e+04
3.2188e+12   5.4313e+04
3.2281e+12   5.4297e+04
3.2375e+12   5.4280e+04
3.2468e+12   5.4263e+04
3.2562e+12   5.4246e+04
3.2657e+12   5.4230e+04
3.2752e+12   5.4213e+04
3.2846e+12   5.4196e+04
3.2942e+12   5.4180e+04
3.3037e+12   5.4163e+04
3.3133e+12   5.4146e+04
3.3229e+12   5.4129e+04
3.3325e+12   5.4113e+04
3.3422e+12   5.4096e+04
3.3519e+12   5.4079e+04
3.3616e+12   5.4062e+04
3.3714e+12   5.4046e+04
3.3812e+12   5.4029e+04
3.3910e+12   5.4012e+04
3.4008e+12   5.3995e+04
3.4107e+12   5.3979e+04
3.4206e+12   5.3962e+04
3.4305e+12   5.3945e+04
3.4405e+12   5.3928e+04
3.4504e+12   5.3912e+04
3.4605e+12   5.3895e+04
3.4705e+12   5.3878e+04
3.4806e+12   5.3861e+04
3.4907e+12   5.3845e+04
3.5008e+12   5.3828e+04
3.5110e+12   5.3811e+04
3.5212e+12   5.3795e+04
3.5314e+12   5.3778e+04
3.5417e+12   5.3761e+04
3.5520e+12   5.3744e+04
3.5623e+12   5.3728e+04
3.5727e+12   5.3711e+04
3.5831e+12   5.3694e+04
3.5935e+12   5.3677e+04
3.6039e+12   5.3661e+04
3.6144e+12   5.3644e+04
3.6249e+12   5.3627e+04
3.6355e+12   5.3611e+04
3.6460e+12   5.3594e+04
3.6566e+12   5.3577e+04
3.6673e+12   5.3560e+04
3.6779e+12   5.3544e+04
3.6886e+12   5.3527e+04
3.6994e+12   5.3510e+04
3.7101e+12   5.3493e+04
3.7209e+12   5.3477e+04
3.7318e+12   5.3460e+04
3.7426e+12   5.3443e+04
3.7535e+12   5.3427e+04
3.7644e+12   5.3410e+04
3.7754e+12   5.3393e+04
3.7864e+12   5.3376e+04
3.7974e+12   5.3360e+04
3.8085e+12   5.3343e+04
3.8196e+12   5.3326e+04
3.8307e+12   5.3309e+04
3.8419e+12   5.3293e+04
3.8531e+12   5.3276e+04
3.8643e+12   5.3259e+04
3.8755e+12   5.3243e+04
3.8868e+12   5.3226e+04
3.8982e+12   5.3209e+04
3.9095e+12   5.3192e+04
3.9209e+12   5.3176e+04
3.9324e+12   5.3159e+04
3.9438e+12   5.3142e+04
3.9553e+12   5.3126e+04
3.9669e+12   5.3109e+04
3.9784e+12   5.3092e+04
3.9900e+12   5.3075e+04
4.0017e+12   5.3059e+04
4.0133e+12   5.3042e+04
4.0251e+12   5.3025e+04
4.0368e+12   5.3009e+04
4.0486e+12   5.2992e+04
4.0604e+12   5.2975e+04
4.0722e+12   5.2958e+04
4.0841e+12   5.2942e+04
4.0960e+12   5.2925e+04
4.1080e+12   5.2908e+04
4.1200e+12   5.2892e+04
4.1320e+12   5.2875e+04
4.1441e+12   5.2858e+04
4.1562e+12   5.2842e+04
4.1683e+12   5.2825e+04
4.1805e+12   5.2808e+04
4.1927e+12   5.2791e+04
4.2050e+12   5.2775e+04
4.2173e+12   5.2758e+04
4.2296e+12   5.2741e+04
4.2419e+12   5.2725e+04
4.2543e+12   5.2708e+04
4.2668e+12   5.2691e+04
4.2792e+12   5.2674e+04
4.2917e+12   5.2658e+04
4.3043e+12   5.2641e+04
4.3169e+12   5.2624e+04
4.3295e+12   5.2608e+04
4.3422e+12   5.2591e+04
4.3549e+12   5.2574e+04
4.3676e+12   5.2558e+04
4.3804e+12   5.2541e+04
4.3932e+12   5.2524e+04
4.4060e+12   5.2507e+04
4.4189e+12   5.2491e+04
4.4319e+12   5.2474e+04
4.4448e+12   5.2457e+04
4.4578e+12   5.2441e+04
4.4709e+12   5.2424e+04
4.4840e+12   5.2407e+04
4.4971e+12   5.2391e+04
4.5103e+12   5.2374e+04
4.5235e+12   5.2357e+04
4.5367e+12   5.2340e+04
4.5500e+12   5.2324e+04
4.5633e+12   5.2307e+04
4.5767e+12   5.2290e+04
4.5901e+12   5.2274e+04
4.6035e+12   5.2257e+04
4.6170e+12   5.2240e+04
4.6305e+12   5.2224e+04
4.6441e+12   5.2207e+04
4.6577e+12   5.2190e+04
4.6714e+12   5.2174e+04
4.6851e+12   5.2157e+04
4.6988e+12   5.2140e+04
4.7126e+12   5.2124e+04
4.7264e+12   5.2107e+04
4.7402e+12   5.2090e+04
4.7541e+12   5.2073e+04
4.7681e+12   5.2057e+04
4.7821e+12   5.2040e+04
4.7961e+12   5.2023e+04
4.8101e+12   5.2007e+04
4.8243e+12   5.1990e+04
4.8384e+12   5.1973e+04
4.8526e+12   5.1957e+04
4.8668e+12   5.1940e+04
4.8811e+12   5.1923e+04
4.8954e+12   5.1907e+04
4.9098e+12   5.1890e+04
4.9242e+12   5.1873e+04
4.9387e+12   5.1857e+04
4.9532e+12   5.1840e+04
4.9677e+12   5.1823e+04
4.9823e+12   5.1807e+04
4.9969e+12   5.1790e+04
5.0116e+12   5.1773e+04
5.0263e+12   5.1756e+04
5.0411e+12   5.1740e+04
5.0559e+12   5.1723e+04
5.0707e+12   5.1706e+04
5.0856e+12   5.1690e+04
5.1006e+12   5.1673e+04
5.1156e+12   5.1656e+04
5.1306e+12   5.1640e+04
5.1457e+12   5.1623e+04
5.1608e+12   5.1606e+04
5.1760e+12   5.1590e+04
5.1912e+12   5.1573e+04
5.2064e+12   5.1556e+04
5.2217e+12   5.1540e+04
5.2371e+12   5.1523e+04
5.2525e+12   5.1506e+04
5.2679e+12   5.1490e+04
5.2834e+12   5.1473e+04
5.2990e+12   5.1456e+04
5.3145e+12   5.1440e+04
5.3302e+12   5.1423e+04
5.3459e+12   5.1406e+04
5.3616e+12   5.1390e+04
5.3774e+12   5.1373e+04
5.3932e+12   5.1356e+04
5.4091e+12   5.1340e+04
5.4250e+12   5.1323e+04
5.4409e+12   5.1306e+04
5.4569e+12   5.1290e+04
5.4730e+12   5.1273e+04
5.4891e+12   5.1256e+04
5.5053e+12   5.1240e+04
5.5215e+12   5.1223e+04
5.5378e+12   5.1206e+04
5.5541e+12   5.1190e+04
5.5704e+12   5.1173e+04
5.5868e+12   5.1156e+04
5.6033e+12   5.1140e+04
5.6198e+12   5.1123e+04
5.6363e+12   5.1106e+04
5.6529e+12   5.1090e+04
5.6696e+12   5.1073e+04
5.6863e+12   5.1056e+04
5.7031e+12   5.1040e+04
5.7199e+12   5.1023e+04
5.7367e+12   5.1006e+04
5.7536e+12   5.0990e+04
5.7706e+12   5.0973e+04
5.7876e+12   5.0956e+04
5.8047e+12   5.0940e+04
5.8218e+12   5.0923e+04
5.8389e+12   5.0906e+04
5.8562e+12   5.0890e+04
5.8734e+12   5.0873e+04
5.8908e+12   5.0857e+04
5.9081e+12   5.0840e+04
5.9256e+12   5.0823e+04
5.9430e+12   5.0807e+04
5.9606e+12   5.0790e+04
5.9782e+12   5.0773e+04
5.9958e+12   5.0757e+04
6.0135e+12   5.0740e+04
6.0312e+12   5.0723e+04
6.0490e+12   5.0707e+04
6.0669e+12   5.0690e+04
6.0848e+12   5.0673e+04
6.1028e+12   5.0657e+04
6.1208e+12   5.0640e+04
6.1388e+12   5.0623e+04
6.1570e+12   5.0607e+04
6.1752e+12   5.0590e+04
6.1934e+12   5.0573e+04
6.2117e+12   5.0557e+04
6.2300e+12   5.0540e+04
6.2484e+12   5.0524e+04
6.2669e+12   5.0507e+04
6.2854e+12   5.0490e+04
6.3040e+12   5.0474e+04
6.3226e+12   5.0457e+04
6.3413e+12   5.0440e+04
6.3600e+12   5.0424e+04
6.3788e+12   5.0407e+04
6.3977e+12   5.0390e+04
6.4166e+12   5.0374e+04
6.4355e+12   5.0357e+04
6.4546e+12   5.0340e+04
6.4736e+12   5.0324e+04
6.4928e+12   5.0307e+04
6.5120e+12   5.0291e+04
6.5312e+12   5.0274e+04
6.5505e+12   5.0257e+04
6.5699e+12   5.0241e+04
6.5893e+12   5.0224e+04
6.6088e+12   5.0207e+04
6.6284e+12   5.0191e+04
6.6480e+12   5.0174e+04
6.6677e+12   5.0157e+04
6.6874e+12   5.0141e+04
6.7072e+12   5.0124e+04
6.7270e+12   5.0108e+04
6.7469e+12   5.0091e+04
6.7669e+12   5.0074e+04
6.7869e+12   5.0058e+04
6.8070e+12   5.0041e+04
6.8272e+12   5.0024e+04
6.8474e+12   5.0008e+04
6.8676e+12   4.9991e+04
6.8880e+12   4.9975e+04
6.9084e+12   4.9958e+04
6.9288e+12   4.9941e+04
6.9493e+12   4.9925e+04
6.9699e+12   4.9908e+04
6.9906e+12   4.9891e+04
7.0113e+12   4.9875e+04
7.0320e+12   4.9858e+04
7.0529e+12   4.9841e+04
7.0738e+12   4.9825e+04
7.0947e+12   4.9808e+04
7.1157e+12   4.9792e+04
7.1368e+12   4.9775e+04
7.1580e+12   4.9758e+04
7.1792e+12   4.9742e+04
7.2005e+12   4.9725e+04
7.2218e+12   4.9709e+04
7.2432e+12   4.9692e+04
7.2647e+12   4.9675e+04
7.2862e+12   4.9659e+04
7.3078e+12   4.9642e+04
7.3295e+12   4.9625e+04
7.3512e+12   4.9609e+04
7.3730e+12   4.9592e+04
7.3949e+12   4.9576e+04
7.4168e+12   4.9559e+04
7.4388e+12   4.9542e+04
7.4609e+12   4.9526e+04
7.4830e+12   4.9509e+04
7.5052e+12   4.9492e+04
7.5275e+12   4.9476e+04
7.5498e+12   4.9459e+04
7.5722e+12   4.9443e+04
7.5947e+12   4.9426e+04
7.6172e+12   4.9409e+04
7.6398e+12   4.9393e+04
7.6625e+12   4.9376e+04
7.6852e+12   4.9360e+04
7.7080e+12   4.9343e+04
7.7309e+12   4.9326e+04
7.7539e+12   4.9310e+04
7.7769e+12   4.9293e+04
7.8000e+12   4.9276e+04
7.8231e+12   4.9260e+04
7.8463e+12   4.9243e+04
7.8696e+12   4.9227e+04
7.8930e+12   4.9210e+04
7.9165e+12   4.9193e+04
7.9400e+12   4.9177e+04
7.9635e+12   4.9160e+04
7.9872e+12   4.9144e+04
8.0109e+12   4.9127e+04
8.0347e+12   4.9110e+04
8.0586e+12   4.9094e+04
8.0825e+12   4.9077e+04
8.1065e+12   4.9061e+04
8.1306e+12   4.9044e+04
8.1548e+12   4.9027e+04
8.1790e+12   4.9011e+04
8.2033e+12   4.8994e+04
8.2277e+12   4.8978e+04
8.2522e+12   4.8961e+04
8.2767e+12   4.8944e+04
8.3013e+12   4.8928e+04
8.3260e+12   4.8911e+04
8.3507e+12   4.8895e+04
8.3756e+12   4.8878e+04
8.4005e+12   4.8861e+04
8.4254e+12   4.8845e+04
8.4505e+12   4.8828e+04
8.4756e+12   4.8812e+04
8.5008e+12   4.8795e+04
8.5261e+12   4.8778e+04
8.5515e+12   4.8762e+04
8.5769e+12   4.8745e+04
8.6024e+12   4.8729e+04
8.6280e+12   4.8712e+04
8.6537e+12   4.8695e+04
8.6794e+12   4.8679e+04
8.7053e+12   4.8662e+04
8.7312e+12   4.8646e+04
8.7571e+12   4.8629e+04
8.7832e+12   4.8612e+04
8.8093e+12   4.8596e+04
8.8356e+12   4.8579e+04
8.8618e+12   4.8563e+04
8.8882e+12   4.8546e+04
8.9147e+12   4.8529e+04
8.9412e+12   4.8513e+04
8.9678e+12   4.8496e+04
8.9945e+12   4.8480e+04
9.0213e+12   4.8463e+04
9.0482e+12   4.8447e+04
9.0751e+12   4.8430e+04
9.1021e+12   4.8413e+04
9.1292e+12   4.8397e+04
9.1564e+12   4.8380e+04
9.1837e+12   4.8364e+04
9.2111e+12   4.8347e+04
9.2385e+12   4.8330e+04
9.2660e+12   4.8314e+04
9.2936e+12   4.8297e+04
9.3213e+12   4.8281e+04
9.3491e+12   4.8264e+04
9.3769e+12   4.8247e+04
9.4049e+12   4.8231e+04
9.4329e+12   4.8214e+04
9.4610e+12   4.8198e+04
9.4892e+12   4.8181e+04
9.5175e+12   4.8165e+04
9.5458e+12   4.8148e+04
9.5743e+12   4.8131e+04
9.6028e+12   4.8115e+04
9.6314e+12   4.8098e+04
9.6601e+12   4.8082e+04
9.6889e+12   4.8065e+04
9.7178e+12   4.8049e+04
9.7468e+12   4.8032e+04
9.7758e+12   4.8015e+04
9.8050e+12   4.7999e+04
9.8342e+12   4.7982e+04
9.8635e+12   4.7966e+04
9.8930e+12   4.7949e+04
9.9225e+12   4.7932e+04
9.9520e+12   4.7916e+04
9.9817e+12   4.7899e+04
1.0011e+13   4.7883e+04
1.0041e+13   4.7866e+04
1.0071e+13   4.7850e+04
1.0101e+13   4.7833e+04
1.0131e+13   4.7816e+04
1.0162e+13   4.7800e+04
1.0192e+13   4.7783e+04
1.0222e+13   4.7767e+04
1.0253e+13   4.7750e+04
1.0284e+13   4.7734e+04
1.0314e+13   4.7717e+04
1.0345e+13   4.7701e+04
1.0376e+13   4.7684e+04
1.0407e+13   4.7667e+04
1.0438e+13   4.7651e+04
1.0469e+13   4.7634e+04
1.0500e+13   4.7618e+04
1.0532e+13   4.7601e+04
1.0563e+13   4.7585e+04
1.0595e+13   4.7568e+04
1.0626e+13   4.7551e+04
1.0658e+13   4.7535e+04
1.0690e+13   4.7518e+04
1.0722e+13   4.7502e+04
1.0754e+13   4.7485e+04
1.0786e+13   4.7469e+04
1.0818e+13   4.7452e+04
1.0850e+13   4.7435e+04
1.0883e+13   4.7419e+04
1.0915e+13   4.7402e+04
1.0948e+13   4.7386e+04
1.0980e+13   4.7369e+04
1.1013e+13   4.7353e+04
1.1046e+13   4.7336e+04
1.1079e+13   4.7320e+04
1.1112e+13   4.7303e+04
1.1145e+13   4.7286e+04
1.1179e+13   4.7270e+04
1.1212e+13   4.7253e+04
1.1246e+13   4.7237e+04
1.1279e+13   4.7220e+04
1.1313e+13   4.7204e+04
1.1347e+13   4.7187e+04
1.1381e+13   4.7171e+04
1.1415e+13   4.7154e+04
1.1449e+13   4.7137e+04
1.1483e+13   4.7121e+04
1.1517e+13   4.7104e+04
1.1552e+13   4.7088e+04
1.1586e+13   4.7071e+04
1.1621e+13   4.7055e+04
1.1656e+13   4.7038e+04
1.1690e+13   4.7022e+04
1.1725e+13   4.7005e+04
1.1760e+13   4.6989e+04
1.1795e+13   4.6972e+04
1.1831e+13   4.6955e+04
1.1866e+13   4.6939e+04
1.1902e+13   4.6922e+04
1.1937e+13   4.6906e+04
1.1973e+13   4.6889e+04
1.2009e+13   4.6873e+04
1.2045e+13   4.6856e+04
1.2081e+13   4.6840e+04
1.2117e+13   4.6823e+04
1.2153e+13   4.6807e+04
1.2189e+13   4.6790e+04
1.2226e+13   4.6773e+04
1.2262e+13   4.6757e+04
1.2299e+13   4.6740e+04
1.2336e+13   4.6724e+04
1.2373e+13   4.6707e+04
1.2410e+13   4.6691e+04
1.2447e+13   4.6674e+04
1.2484e+13   4.6658e+04
1.2521e+13   4.6641e+04
1.2559e+13   4.6625e+04
1.2596e+13   4.6608e+04
1.2634e+13   4.6592e+04
1.2672e+13   4.6575e+04
1.2710e+13   4.6558e+04
1.2748e+13   4.6542e+04
1.2786e+13   4.6525e+04
1.2824e+13   4.6509e+04
1.2862e+13   4.6492e+04
1.2901e+13   4.6476e+04
1.2939e+13   4.6459e+04
1.2978e+13   4.6443e+04
1.3017e+13   4.6426e+04
1.3056e+13   4.6410e+04
1.3095e+13   4.6393e+04
1.3134e+13   4.6377e+04
1.3173e+13   4.6360e+04
1.3213e+13   4.6344e+04
1.3252e+13   4.6327e+04
1.3292e+13   4.6310e+04
1.3332e+13   4.6294e+04
1.3372e+13   4.6277e+04
1.3412e+13   4.6261e+04
1.3452e+13   4.6244e+04
1.3492e+13   4.6228e+04
1.3533e+13   4.6211e+04
1.3573e+13   4.6195e+04
1.3614e+13   4.6178e+04
1.3654e+13   4.6162e+04
1.3695e+13   4.6145e+04
1.3736e+13   4.6129e+04
1.3777e+13   4.6112e+04
1.3819e+13   4.6096e+04
1.3860e+13   4.6079e+04
1.3901e+13   4.6063e+04
1.3943e+13   4.6046e+04
1.3985e+13   4.6030e+04
1.4027e+13   4.6013e+04
1.4069e+13   4.5996e+04
1.4111e+13   4.5980e+04
1.4153e+13   4.5963e+04
1.4195e+13   4.5947e+04
1.4238e+13   4.5930e+04
1.4280e+13   4.5914e+04
1.4323e+13   4.5897e+04
1.4366e+13   4.5881e+04
1.4409e+13   4.5864e+04
1.4452e+13   4.5848e+04
1.4496e+13   4.5831e+04
1.4539e+13   4.5815e+04
1.4582e+13   4.5798e+04
1.4626e+13   4.5782e+04
1.4670e+13   4.5765e+04
1.4714e+13   4.5749e+04
1.4758e+13   4.5732e+04
1.4802e+13   4.5716e+04
1.4846e+13   4.5699e+04
1.4891e+13   4.5683e+04
1.4935e+13   4.5666e+04
1.4980e+13   4.5650e+04
1.5025e+13   4.5633e+04
1.5070e+13   4.5617e+04
1.5115e+13   4.5600e+04
1.5160e+13   4.5584e+04
1.5206e+13   4.5567e+04
1.5251e+13   4.5551e+04
1.5297e+13   4.5534e+04
1.5343e+13   4.5518e+04
1.5389e+13   4.5501e+04
1.5435e+13   4.5485e+04
1.5481e+13   4.5468e+04
1.5527e+13   4.5452e+04
1.5574e+13   4.5435e+04
1.5621e+13   4.5419e+04
1.5667e+13   4.5402e+04
1.5714e+13   4.5386e+04
1.5761e+13   4.5369e+04
1.5808e+13   4.5353e+04
1.5856e+13   4.5336e+04
1.5903e+13   4.5320e+04
1.5951e+13   4.5303e+04
1.5999e+13   4.5287e+04
1.6047e+13   4.5270e+04
1.6095e+13   4.5254e+04
1.6143e+13   4.5237e+04
1.6191e+13   4.5221e+04
1.6240e+13   4.5204e+04
1.6288e+13   4.5188e+04
1.6337e+13   4.5171e+04
1.6386e+13   4.5155e+04
1.6435e+13   4.5138e+04
1.6484e+13   4.5122e+04
1.6534e+13   4.5105e+04
1.6583e+13   4.5089e+04
1.6633e+13   4.5072e+04
1.6683e+13   4.5056e+04
1.6733e+13   4.5039e+04
1.6783e+13   4.5023e+04
1.6833e+13   4.5006e+04
1.6883e+13   4.4990e+04
1.6934e+13   4.4973e+04
1.6985e+13   4.4957e+04
1.7036e+13   4.4940e+04
1.7087e+13   4.4924e+04
1.7138e+13   4.4907e+04
1.7189e+13   4.4891e+04
1.7240e+13   4.4874e+04
1.7292e+13   4.4858e+04
1.7344e+13   4.4841e+04
1.7396e+13   4.4825e+04
1.7448e+13   4.4808e+04
1.7500e+13   4.4792e+04
1.7553e+13   4.4775e+04
1.7605e+13   4.4759e+04
1.7658e+13   4.4742e+04
1.7711e+13   4.4726e+04
1.7764e+13   4.4709e+04
1.7817e+13   4.4693e+04
1.7870e+13   4.4676e+04
1.7924e+13   4.4660e+04
1.7977e+13   4.4643e+04
1.8031e+13   4.4627e+04
1.8085e+13   4.4610e+04
1.8139e+13   4.4594e+04
1.8194e+13   4.4577e+04
1.8248e+13   4.4561e+04
1.8303e+13   4.4544e+04
1.8358e+13   4.4528e+04
1.8413e+13   4.4512e+04
1.8468e+13   4.4495e+04
1.8523e+13   4.4479e+04
1.8578e+13   4.4462e+04
1.8634e+13   4.4446e+04
1.8690e+13   4.4429e+04
1.8746e+13   4.4413e+04
1.8802e+13   4.4396e+04
1.8858e+13   4.4380e+04
1.8915e+13   4.4363e+04
1.8971e+13   4.4347e+04
1.9028e+13   4.4330e+04
1.9085e+13   4.4314e+04
1.9142e+13   4.4297e+04
1.9199e+13   4.4281e+04
1.9257e+13   4.4264e+04
1.9314e+13   4.4248e+04
1.9372e+13   4.4231e+04
1.9430e+13   4.4215e+04
1.9488e+13   4.4199e+04
1.9547e+13   4.4182e+04
1.9605e+13   4.4166e+04
1.9664e+13   4.4149e+04
1.9723e+13   4.4133e+04
1.9782e+13   4.4116e+04
1.9841e+13   4.4100e+04
1.9900e+13   4.4083e+04
1.9960e+13   4.4067e+04
2.0020e+13   4.4050e+04
2.0079e+13   4.4034e+04
2.0140e+13   4.4017e+04
2.0200e+13   4.4001e+04
2.0260e+13   4.3984e+04
2.0321e+13   4.3968e+04
2.0382e+13   4.3952e+04
2.0443e+13   4.3935e+04
2.0504e+13   4.3919e+04
2.0565e+13   4.3902e+04
2.0627e+13   4.3886e+04
2.0688e+13   4.3869e+04
2.0750e+13   4.3853e+04
2.0812e+13   4.3836e+04
2.0874e+13   4.3820e+04
2.0937e+13   4.3803e+04
2.0999e+13   4.3787e+04
2.1062e+13   4.3770e+04
2.1125e+13   4.3754e+04
2.1188e+13   4.3738e+04
2.1252e+13   4.3721e+04
2.1315e+13   4.3705e+04
2.1379e+13   4.3688e+04
2.1443e+13   4.3672e+04
2.1507e+13   4.3655e+04
2.1571e+13   4.3639e+04
2.1636e+13   4.3622e+04
2.1701e+13   4.3606e+04
2.1765e+13   4.3589e+04
2.1830e+13   4.3573e+04
2.1896e+13   4.3557e+04
2.1961e+13   4.3540e+04
2.2027e+13   4.3524e+04
2.2093e+13   4.3507e+04
2.2159e+13   4.3491e+04
2.2225e+13   4.3474e+04
2.2291e+13   4.3458e+04
2.2358e+13   4.3441e+04
2.2425e+13   4.3425e+04
2.2492e+13   4.3409e+04
2.2559e+13   4.3392e+04
2.2626e+13   4.3376e+04
2.2694e+13   4.3359e+04
2.2762e+13   4.3343e+04
2.2830e+13   4.3326e+04
2.2898e+13   4.3310e+04
2.2966e+13   4.3293e+04
2.3035e+13   4.3277e+04
2.3104e+13   4.3261e+04
2.3173e+13   4.3244e+04
2.3242e+13   4.3228e+04
2.3311e+13   4.3211e+04
2.3381e+13   4.3195e+04
2.3451e+13   4.3178e+04
2.3521e+13   4.3162e+04
2.3591e+13   4.3145e+04
2.3661e+13   4.3129e+04
2.3732e+13   4.3113e+04
2.3803e+13   4.3096e+04
2.3874e+13   4.3080e+04
2.3945e+13   4.3063e+04
2.4016e+13   4.3047e+04
2.4088e+13   4.3030e+04
2.4160e+13   4.3014e+04
2.4232e+13   4.2997e+04
2.4304e+13   4.2981e+04
2.4377e+13   4.2965e+04
2.4450e+13   4.2948e+04
2.4522e+13   4.2932e+04
2.4596e+13   4.2915e+04
2.4669e+13   4.2899e+04
2.4743e+13   4.2882e+04
2.4816e+13   4.2866e+04
2.4890e+13   4.2850e+04
2.4965e+13   4.2833e+04
2.5039e+13   4.2817e+04
2.5114e+13   4.2800e+04
2.5189e+13   4.2784e+04
2.5264e+13   4.2767e+04
2.5339e+13   4.2751e+04
2.5414e+13   4.2735e+04
2.5490e+13   4.2718e+04
2.5566e+13   4.2702e+04
2.5642e+13   4.2685e+04
2.5719e+13   4.2669e+04
2.5795e+13   4.2652e+04
2.5872e+13   4.2636e+04
2.5949e+13   4.2620e+04
2.6027e+13   4.2603e+04
2.6104e+13   4.2587e+04
2.6182e+13   4.2570e+04
2.6260e+13   4.2554e+04
2.6338e+13   4.2537e+04
2.6417e+13   4.2521e+04
2.6495e+13   4.2505e+04
2.6574e+13   4.2488e+04
2.6653e+13   4.2472e+04
2.6733e+13   4.2455e+04
2.6812e+13   4.2439e+04
2.6892e+13   4.2423e+04
2.6972e+13   4.2406e+04
2.7052e+13   4.2390e+04
3.0621e+13   4.2373e+04
3.0728e+13   4.2357e+04
3.0819e+13   4.2340e+04
3.0910e+13   4.2324e+04
3.1001e+13   4.2308e+04
3.1093e+13   4.2291e+04
3.1185e+13   4.2275e+04
3.1277e+13   4.2258e+04
3.1369e+13   4.2242e+04
3.1462e+13   4.2226e+04
3.1555e+13   4.2209e+04
3.1648e+13   4.2193e+04
3.1742e+13   4.2176e+04
3.1835e+13   4.2160e+04
3.1929e+13   4.2143e+04
3.2024e+13   4.2127e+04
3.2118e+13   4.2111e+04
3.2213e+13   4.2094e+04
3.2308e+13   4.2078e+04
3.2403e+13   4.2061e+04
3.2499e+13   4.2045e+04
3.2595e+13   4.2029e+04
3.2691e+13   4.2012e+04
3.2787e+13   4.1996e+04
3.2884e+13   4.1979e+04
3.2981e+13   4.1963e+04
3.3078e+13   4.1947e+04
3.3175e+13   4.1930e+04
3.3273e+13   4.1914e+04
3.3371e+13   4.1897e+04
3.3470e+13   4.1881e+04
3.3568e+13   4.1865e+04
3.3667e+13   4.1848e+04
3.3766e+13   4.1832e+04
3.3866e+13   4.1815e+04
3.3965e+13   4.1799e+04
3.4065e+13   4.1783e+04
3.4166e+13   4.1766e+04
3.4266e+13   4.1750e+04
3.4367e+13   4.1733e+04
3.4468e+13   4.1717e+04
3.4570e+13   4.1701e+04
3.4671e+13   4.1684e+04
3.4773e+13   4.1668e+04
3.4876e+13   4.1651e+04
3.4978e+13   4.1635e+04
3.5081e+13   4.1619e+04
3.5184e+13   4.1602e+04
3.5288e+13   4.1586e+04
3.5391e+13   4.1569e+04
3.5495e+13   4.1553e+04
3.5600e+13   4.1537e+04
3.5704e+13   4.1520e+04
3.5809e+13   4.1504e+04
3.5914e+13   4.1487e+04
3.6020e+13   4.1471e+04
3.6126e+13   4.1455e+04
3.6232e+13   4.1438e+04
3.6338e+13   4.1422e+04
3.6445e+13   4.1405e+04
3.6552e+13   4.1389e+04
3.6659e+13   4.1373e+04
3.6766e+13   4.1356e+04
3.6874e+13   4.1340e+04
3.6982e+13   4.1324e+04
3.7091e+13   4.1307e+04
3.7200e+13   4.1291e+04
3.7309e+13   4.1274e+04
3.7418e+13   4.1258e+04
3.7528e+13   4.1242e+04
3.7638e+13   4.1225e+04
3.7748e+13   4.1209e+04
3.7858e+13   4.1192e+04
3.7969e+13   4.1176e+04
3.8080e+13   4.1160e+04
3.8192e+13   4.1143e+04
3.8304e+13   4.1127e+04
3.8416e+13   4.1111e+04
3.8528e+13   4.1094e+04
3.8641e+13   4.1078e+04
3.8754e+13   4.1061e+04
3.8867e+13   4.1045e+04
3.8981e+13   4.1029e+04
3.9095e+13   4.1012e+04
3.9209e+13   4.0996e+04
3.9324e+13   4.0980e+04
3.9439e+13   4.0963e+04
3.9554e+13   4.0947e+04
3.9670e+13   4.0930e+04
3.9786e+13   4.0914e+04
3.9902e+13   4.0898e+04
4.0018e+13   4.0881e+04
4.0135e+13   4.0865e+04
4.0252e+13   4.0849e+04
4.0370e+13   4.0832e+04
4.0488e+13   4.0816e+04
4.0606e+13   4.0799e+04
4.0724e+13   4.0783e+04
4.0843e+13   4.0767e+04
4.0962e+13   4.0750e+04
3.8662e+13   4.0734e+04
3.8774e+13   4.0718e+04
3.8887e+13   4.0701e+04
3.9001e+13   4.0685e+04
3.9114e+13   4.0668e+04
3.9228e+13   4.0652e+04
3.9342e+13   4.0636e+04
3.9457e+13   4.0619e+04
3.9572e+13   4.0603e+04
3.9687e+13   4.0587e+04
3.9802e+13   4.0570e+04
3.9918e+13   4.0554e+04
4.0034e+13   4.0538e+04
4.0151e+13   4.0521e+04
4.0267e+13   4.0505e+04
4.0384e+13   4.0488e+04
4.0502e+13   4.0472e+04
4.0620e+13   4.0456e+04
4.0738e+13   4.0439e+04
4.0856e+13   4.0423e+04
4.0975e+13   4.0407e+04
4.1094e+13   4.0390e+04
4.1213e+13   4.0374e+04
4.1332e+13   4.0358e+04
4.1452e+13   4.0341e+04
4.1573e+13   4.0325e+04
4.1693e+13   4.0309e+04
4.1814e+13   4.0292e+04
4.1935e+13   4.0276e+04
4.2057e+13   4.0259e+04
4.2179e+13   4.0243e+04
4.2301e+13   4.0227e+04
4.2424e+13   4.0210e+04
4.2546e+13   4.0194e+04
4.2670e+13   4.0178e+04
4.2793e+13   4.0161e+04
4.2917e+13   4.0145e+04
4.3041e+13   4.0129e+04
4.3166e+13   4.0112e+04
4.3290e+13   4.0096e+04
4.3416e+13   4.0080e+04
4.3541e+13   4.0063e+04
4.3667e+13   4.0047e+04
4.3793e+13   4.0031e+04
4.3920e+13   4.0014e+04
4.4047e+13   3.9998e+04
4.4174e+13   3.9981e+04
4.4301e+13   3.9965e+04
4.4429e+13   3.9949e+04
4.4557e+13   3.9932e+04
4.4686e+13   3.9916e+04
4.4815e+13   3.9900e+04
4.4944e+13   3.9883e+04
4.5074e+13   3.9867e+04
4.5203e+13   3.9851e+04
4.5334e+13   3.9834e+04
4.5464e+13   3.9818e+04
4.5595e+13   3.9802e+04
4.5727e+13   3.9785e+04
4.5858e+13   3.9769e+04
4.5990e+13   3.9753e+04
4.6122e+13   3.9736e+04
4.6255e+13   3.9720e+04
4.6388e+13   3.9704e+04
4.6521e+13   3.9687e+04
4.6655e+13   3.9671e+04
4.6789e+13   3.9655e+04
4.6924e+13   3.9638e+04
4.7058e+13   3.9622e+04
4.7193e+13   3.9606e+04
4.7329e+13   3.9589e+04
4.7465e+13   3.9573e+04
4.7601e+13   3.9557e+04
4.7737e+13   3.9540e+04
4.7874e+13   3.9524e+04
4.8012e+13   3.9508e+04
4.8149e+13   3.9491e+04
4.8287e+13   3.9475e+04
4.8425e+13   3.9459e+04
4.8564e+13   3.9442e+04
4.8703e+13   3.9426e+04
4.8842e+13   3.9410e+04
4.8982e+13   3.9393e+04
4.9122e+13   3.9377e+04
4.9263e+13   3.9361e+04
4.9404e+13   3.9344e+04
4.9545e+13   3.9328e+04
4.9686e+13   3.9312e+04
4.9828e+13   3.9295e+04
4.9970e+13   3.9279e+04
5.0113e+13   3.9263e+04
5.0256e+13   3.9246e+04
5.0399e+13   3.9230e+04
5.0543e+13   3.9214e+04
5.0687e+13   3.9197e+04
5.0832e+13   3.9181e+04
5.0977e+13   3.9165e+04
5.1122e+13   3.9148e+04
5.1267e+13   3.9132e+04
5.1413e+13   3.9116e+04
5.1560e+13   3.9099e+04
5.1706e+13   3.9083e+04
5.1853e+13   3.9067e+04
5.2001e+13   3.9051e+04
5.2149e+13   3.9034e+04
5.2297e+13   3.9018e+04
5.2445e+13   3.9002e+04
5.2594e+13   3.8985e+04
5.2744e+13   3.8969e+04
5.2893e+13   3.8953e+04
5.3043e+13   3.8936e+04
5.3194e+13   3.8920e+04
5.3344e+13   3.8904e+04
5.3496e+13   3.8887e+04
5.3647e+13   3.8871e+04
5.3799e+13   3.8855e+04
5.3951e+13   3.8838e+04
5.4104e+13   3.8822e+04
5.4257e+13   3.8806e+04
5.4411e+13   3.8789e+04
5.4565e+13   3.8773e+04
5.4719e+13   3.8757e+04
5.4873e+13   3.8741e+04
5.5028e+13   3.8724e+04
5.5184e+13   3.8708e+04
5.5340e+13   3.8692e+04
5.5496e+13   3.8675e+04
5.5652e+13   3.8659e+04
5.5809e+13   3.8643e+04
5.5966e+13   3.8626e+04
5.6124e+13   3.8610e+04
5.6282e+13   3.8594e+04
5.6441e+13   3.8577e+04
5.6600e+13   3.8561e+04
5.6759e+13   3.8545e+04
5.6918e+13   3.8529e+04
5.7078e+13   3.8512e+04
5.7239e+13   3.8496e+04
5.7400e+13   3.8480e+04
5.7561e+13   3.8463e+04
5.7722e+13   3.8447e+04
5.7884e+13   3.8431e+04
5.8047e+13   3.8414e+04
5.8210e+13   3.8398e+04
5.8373e+13   3.8382e+04
5.8536e+13   3.8366e+04
5.8700e+13   3.8349e+04
5.8865e+13   3.8333e+04
5.9029e+13   3.8317e+04
5.9195e+13   3.8300e+04
5.9360e+13   3.8284e+04
5.9526e+13   3.8268e+04
5.9692e+13   3.8252e+04
5.9859e+13   3.8235e+04
6.0026e+13   3.8219e+04
6.0194e+13   3.8203e+04
6.0362e+13   3.8186e+04
6.0530e+13   3.8170e+04
6.0699e+13   3.8154e+04
6.0868e+13   3.8137e+04
6.1038e+13   3.8121e+04
6.1207e+13   3.8105e+04
6.1378e+13   3.8089e+04
6.1549e+13   3.8072e+04
6.1720e+13   3.8056e+04
6.1891e+13   3.8040e+04
6.2063e+13   3.8023e+04
6.2236e+13   3.8007e+04
6.2408e+13   3.7991e+04
6.2582e+13   3.7975e+04
6.2755e+13   3.7958e+04
6.2929e+13   3.7942e+04
6.3103e+13   3.7926e+04
6.3278e+13   3.7909e+04
6.3453e+13   3.7893e+04
6.3629e+13   3.7877e+04
6.3805e+13   3.7861e+04
6.3982e+13   3.7844e+04
6.4158e+13   3.7828e+04
6.4336e+13   3.7812e+04
6.4513e+13   3.7795e+04
6.4691e+13   3.7779e+04
6.4870e+13   3.7763e+04
6.5049e+13   3.7747e+04
6.5228e+13   3.7730e+04
6.5408e+13   3.7714e+04
6.5588e+13   3.7698e+04
6.5768e+13   3.7682e+04
6.5949e+13   3.7665e+04
6.6131e+13   3.7649e+04
6.6312e+13   3.7633e+04
6.6495e+13   3.7616e+04
6.6677e+13   3.7600e+04
6.6860e+13   3.7584e+04
6.7044e+13   3.7568e+04
6.7227e+13   3.7551e+04
6.7412e+13   3.7535e+04
6.7596e+13   3.7519e+04
6.7781e+13   3.7503e+04
6.7967e+13   3.7486e+04
7.6916e+13   3.7470e+04
7.7163e+13   3.7454e+04
7.7371e+13   3.7437e+04
7.7579e+13   3.7421e+04
7.7787e+13   3.7405e+04
7.7996e+13   3.7389e+04
7.8205e+13   3.7372e+04
7.8414e+13   3.7356e+04
7.8624e+13   3.7340e+04
7.8835e+13   3.7324e+04
7.9046e+13   3.7307e+04
7.9257e+13   3.7291e+04
7.9469e+13   3.7275e+04
7.9681e+13   3.7259e+04
7.9894e+13   3.7242e+04
8.0107e+13   3.7226e+04
8.0320e+13   3.7210e+04
8.0534e+13   3.7194e+04
8.0749e+13   3.7177e+04
8.0964e+13   3.7161e+04
8.1179e+13   3.7145e+04
8.1395e+13   3.7128e+04
8.1611e+13   3.7112e+04
8.1827e+13   3.7096e+04
8.2044e+13   3.7080e+04
8.2262e+13   3.7063e+04
8.2480e+13   3.7047e+04
8.2698e+13   3.7031e+04
8.2917e+13   3.7015e+04
8.3136e+13   3.6998e+04
8.3356e+13   3.6982e+04
8.3576e+13   3.6966e+04
8.3797e+13   3.6950e+04
8.4018e+13   3.6933e+04
8.4239e+13   3.6917e+04
8.4461e+13   3.6901e+04
8.4683e+13   3.6885e+04
8.4906e+13   3.6868e+04
8.5129e+13   3.6852e+04
8.5353e+13   3.6836e+04
8.5577e+13   3.6820e+04
8.5801e+13   3.6803e+04
8.6026e+13   3.6787e+04
8.6252e+13   3.6771e+04
8.6477e+13   3.6755e+04
8.6704e+13   3.6738e+04
8.6930e+13   3.6722e+04
8.7157e+13   3.6706e+04
8.7385e+13   3.6690e+04
8.7613e+13   3.6673e+04
8.7841e+13   3.6657e+04
8.8070e+13   3.6641e+04
8.8299e+13   3.6625e+04
8.8529e+13   3.6608e+04
8.8759e+13   3.6592e+04
8.8989e+13   3.6576e+04
8.9220e+13   3.6560e+04
8.9452e+13   3.6544e+04
8.9684e+13   3.6527e+04
8.9916e+13   3.6511e+04
9.0149e+13   3.6495e+04
9.0382e+13   3.6479e+04
9.0615e+13   3.6462e+04
9.0849e+13   3.6446e+04
9.1083e+13   3.6430e+04
9.1318e+13   3.6414e+04
9.1554e+13   3.6397e+04
9.1789e+13   3.6381e+04
9.2025e+13   3.6365e+04
9.2262e+13   3.6349e+04
9.2499e+13   3.6332e+04
9.2736e+13   3.6316e+04
9.2974e+13   3.6300e+04
9.3212e+13   3.6284e+04
9.3450e+13   3.6268e+04
9.3689e+13   3.6251e+04
9.3929e+13   3.6235e+04
9.4169e+13   3.6219e+04
9.4409e+13   3.6203e+04
9.4650e+13   3.6186e+04
9.4891e+13   3.6170e+04
9.5132e+13   3.6154e+04
9.5374e+13   3.6138e+04
9.5616e+13   3.6121e+04
9.5859e+13   3.6105e+04
9.6102e+13   3.6089e+04
9.6346e+13   3.6073e+04
9.6590e+13   3.6057e+04
9.6834e+13   3.6040e+04
9.7079e+13   3.6024e+04
9.7324e+13   3.6008e+04
9.7570e+13   3.5992e+04
9.7816e+13   3.5975e+04
9.8062e+13   3.5959e+04
9.8309e+13   3.5943e+04
9.8556e+13   3.5927e+04
9.8804e+13   3.5911e+04
9.9052e+13   3.5894e+04
9.9300e+13   3.5878e+04
9.9549e+13   3.5862e+04
9.3919e+13   3.5846e+04
9.4154e+13   3.5830e+04
9.4389e+13   3.5813e+04
9.4625e+13   3.5797e+04
9.4861e+13   3.5781e+04
9.5097e+13   3.5765e+04
9.5334e+13   3.5748e+04
9.5571e+13   3.5732e+04
9.5808e+13   3.5716e+04
9.6046e+13   3.5700e+04
9.6284e+13   3.5684e+04
9.6523e+13   3.5667e+04
9.6762e+13   3.5651e+04
9.7001e+13   3.5635e+04
9.7240e+13   3.5619e+04
9.7480e+13   3.5603e+04
9.7721e+13   3.5586e+04
9.7961e+13   3.5570e+04
9.8202e+13   3.5554e+04
9.8443e+13   3.5538e+04
9.8685e+13   3.5522e+04
9.8927e+13   3.5505e+04
9.9169e+13   3.5489e+04
9.9412e+13   3.5473e+04
9.9655e+13   3.5457e+04
9.9899e+13   3.5441e+04
1.0014e+14   3.5424e+04
1.0039e+14   3.5408e+04
1.0063e+14   3.5392e+04
1.0088e+14   3.5376e+04
1.0112e+14   3.5360e+04
1.0137e+14   3.5343e+04
1.0161e+14   3.5327e+04
1.0186e+14   3.5311e+04
1.0210e+14   3.5295e+04
1.0235e+14   3.5279e+04
1.0260e+14   3.5262e+04
1.0284e+14   3.5246e+04
1.0309e+14   3.5230e+04
1.0334e+14   3.5214e+04
1.0359e+14   3.5198e+04
1.0384e+14   3.5181e+04
1.0409e+14   3.5165e+04
1.0434e+14   3.5149e+04
1.0459e+14   3.5133e+04
1.0483e+14   3.5117e+04
1.0508e+14   3.5100e+04
1.0534e+14   3.5084e+04
1.0559e+14   3.5068e+04
1.0584e+14   3.5052e+04
1.0609e+14   3.5036e+04
1.0634e+14   3.5019e+04
1.0659e+14   3.5003e+04
1.0684e+14   3.4987e+04
1.0710e+14   3.4971e+04
1.0735e+14   3.4955e+04
1.0760e+14   3.4939e+04
1.0786e+14   3.4922e+04
1.0811e+14   3.4906e+04
1.0836e+14   3.4890e+04
1.0862e+14   3.4874e+04
1.0887e+14   3.4858e+04
1.0913e+14   3.4841e+04
1.0938e+14   3.4825e+04
1.0964e+14   3.4809e+04
1.0989e+14   3.4793e+04
1.1015e+14   3.4777e+04
1.1040e+14   3.4761e+04
1.1066e+14   3.4744e+04
1.1092e+14   3.4728e+04
1.1117e+14   3.4712e+04
1.1143e+14   3.4696e+04
1.1169e+14   3.4680e+04
1.1195e+14   3.4663e+04
1.1220e+14   3.4647e+04
1.1246e+14   3.4631e+04
1.1272e+14   3.4615e+04
1.1298e+14   3.4599e+04
1.1324e+14   3.4583e+04
1.1350e+14   3.4566e+04
1.1375e+14   3.4550e+04
1.1401e+14   3.4534e+04
1.1427e+14   3.4518e+04
1.1453e+14   3.4502e+04
1.1479e+14   3.4486e+04
1.1505e+14   3.4469e+04
1.1531e+14   3.4453e+04
1.1557e+14   3.4437e+04
1.1584e+14   3.4421e+04
1.1610e+14   3.4405e+04
1.1636e+14   3.4389e+04
1.1662e+14   3.4372e+04
1.1688e+14   3.4356e+04
1.1714e+14   3.4340e+04
1.1740e+14   3.4324e+04
1.1767e+14   3.4308e+04
1.1793e+14   3.4292e+04
1.1819e+14   3.4275e+04
1.1845e+14   3.4259e+04
1.1872e+14   3.4243e+04
1.1898e+14   3.4227e+04
1.1924e+14   3.4211e+04
1.1951e+14   3.4195e+04
1.1977e+14   3.4178e+04
1.2003e+14   3.4162e+04
1.2030e+14   3.4146e+04
1.2056e+14   3.4130e+04
1.2082e+14   3.4114e+04
1.2109e+14   3.4098e+04
1.2135e+14   3.4082e+04
1.2162e+14   3.4065e+04
1.2188e+14   3.4049e+04
1.2215e+14   3.4033e+04
1.2241e+14   3.4017e+04
1.2268e+14   3.4001e+04
1.2294e+14   3.3985e+04
1.2321e+14   3.3968e+04
1.2347e+14   3.3952e+04
1.2374e+14   3.3936e+04
1.2400e+14   3.3920e+04
1.2427e+14   3.3904e+04
1.2453e+14   3.3888e+04
1.2480e+14   3.3872e+04
1.2506e+14   3.3855e+04
1.2533e+14   3.3839e+04
1.2560e+14   3.3823e+04
1.2586e+14   3.3807e+04
1.2613e+14   3.3791e+04
1.2639e+14   3.3775e+04
1.2666e+14   3.3759e+04
1.2693e+14   3.3742e+04
1.2719e+14   3.3726e+04
1.2746e+14   3.3710e+04
1.2773e+14   3.3694e+04
1.2799e+14   3.3678e+04
1.2826e+14   3.3662e+04
1.2852e+14   3.3646e+04
1.2879e+14   3.3629e+04
1.2906e+14   3.3613e+04
1.2932e+14   3.3597e+04
1.2959e+14   3.3581e+04
1.2986e+14   3.3565e+04
1.3012e+14   3.3549e+04
1.3039e+14   3.3533e+04
1.3066e+14   3.3517e+04
1.3092e+14   3.3500e+04
1.3119e+14   3.3484e+04
1.3145e+14   3.3468e+04
1.3172e+14   3.3452e+04
1.3199e+14   3.3436e+04
1.3225e+14   3.3420e+04
1.3252e+14   3.3404e+04
1.3279e+14   3.3387e+04
1.3305e+14   3.3371e+04
1.3332e+14   3.3355e+04
1.3358e+14   3.3339e+04
1.3385e+14   3.3323e+04
1.3411e+14   3.3307e+04
1.3438e+14   3.3291e+04
1.3465e+14   3.3275e+04
1.3491e+14   3.3258e+04
1.3518e+14   3.3242e+04
1.3544e+14   3.3226e+04
1.3571e+14   3.3210e+04
1.3597e+14   3.3194e+04
1.3624e+14   3.3178e+04
1.3650e+14   3.3162e+04
1.3677e+14   3.3146e+04
1.3703e+14   3.3129e+04
1.3729e+14   3.3113e+04
1.3756e+14   3.3097e+04
1.3782e+14   3.3081e+04
1.3809e+14   3.3065e+04
1.3835e+14   3.3049e+04
1.3861e+14   3.3033e+04
1.3888e+14   3.3017e+04
1.3914e+14   3.3001e+04
1.3940e+14   3.2984e+04
1.3967e+14   3.2968e+04
1.3993e+14   3.2952e+04
1.4019e+14   3.2936e+04
1.4045e+14   3.2920e+04
1.4071e+14   3.2904e+04
1.4098e+14   3.2888e+04
1.4124e+14   3.2872e+04
1.4150e+14   3.2856e+04
1.4176e+14   3.2839e+04
1.4202e+14   3.2823e+04
1.4228e+14   3.2807e+04
1.4254e+14   3.2791e+04
1.4280e+14   3.2775e+04
1.4306e+14   3.2759e+04
1.4332e+14   3.2743e+04
1.4358e+14   3.2727e+04
1.4383e+14   3.2711e+04
1.4409e+14   3.2695e+04
1.4435e+14   3.2678e+04
1.4461e+14   3.2662e+04
1.4487e+14   3.2646e+04
1.4512e+14   3.2630e+04
1.4538e+14   3.2614e+04
1.4563e+14   3.2598e+04
1.4589e+14   3.2582e+04
1.4615e+14   3.2566e+04
1.4640e+14   3.2550e+04
1.4666e+14   3.2534e+04
1.4691e+14   3.2517e+04
1.4716e+14   3.2501e+04
1.4742e+14   3.2485e+04
1.4767e+14   3.2469e+04
1.4792e+14   3.2453e+04
1.4817e+14   3.2437e+04
1.4843e+14   3.2421e+04
1.4868e+14   3.2405e+04
1.4893e+14   3.2389e+04
1.4918e+14   3.2373e+04
1.4943e+14   3.2357e+04
1.4968e+14   3.2340e+04
1.4993e+14   3.2324e+04
1.5017e+14   3.2308e+04
1.5042e+14   3.2292e+04
1.5067e+14   3.2276e+04
1.5091e+14   3.2260e+04
1.5116e+14   3.2244e+04
1.5141e+14   3.2228e+04
1.5165e+14   3.2212e+04
1.5190e+14   3.2196e+04
1.5214e+14   3.2180e+04
1.5238e+14   3.2163e+04
1.5263e+14   3.2147e+04
1.5287e+14   3.2131e+04
1.5311e+14   3.2115e+04
1.5335e+14   3.2099e+04
1.5359e+14   3.2083e+04
1.5383e+14   3.2067e+04
1.5407e+14   3.2051e+04
1.5431e+14   3.2035e+04
1.5455e+14   3.2019e+04
1.5478e+14   3.2003e+04
1.5502e+14   3.1987e+04
1.5526e+14   3.1971e+04
1.5549e+14   3.1955e+04
1.5572e+14   3.1938e+04
1.5596e+14   3.1922e+04
1.5619e+14   3.1906e+04
1.5642e+14   3.1890e+04
1.5665e+14   3.1874e+04
1.5688e+14   3.1858e+04
1.5711e+14   3.1842e+04
1.5734e+14   3.1826e+04
1.5757e+14   3.1810e+04
1.5780e+14   3.1794e+04
1.5803e+14   3.1778e+04
1.5825e+14   3.1762e+04
1.5848e+14   3.1746e+04
1.5870e+14   3.1730e+04
1.5892e+14   3.1714e+04
1.5915e+14   3.1697e+04
1.5937e+14   3.1681e+04
1.5959e+14   3.1665e+04
1.5981e+14   3.1649e+04
1.6003e+14   3.1633e+04
1.6025e+14   3.1617e+04
1.6046e+14   3.1601e+04
1.6068e+14   3.1585e+04
1.6089e+14   3.1569e+04
1.6111e+14   3.1553e+04
1.6132e+14   3.1537e+04
1.6153e+14   3.1521e+04
1.6174e+14   3.1505e+04
1.6196e+14   3.1489e+04
1.6216e+14   3.1473e+04
1.6237e+14   3.1457e+04
1.6258e+14   3.1441e+04
1.6279e+14   3.1424e+04
1.6299e+14   3.1408e+04
1.6320e+14   3.1392e+04
1.6340e+14   3.1376e+04
1.6360e+14   3.1360e+04
1.6380e+14   3.1344e+04
1.6400e+14   3.1328e+04
1.6420e+14   3.1312e+04
1.6440e+14   3.1296e+04
1.6459e+14   3.1280e+04
1.6479e+14   3.1264e+04
1.6498e+14   3.1248e+04
1.6517e+14   3.1232e+04
1.6537e+14   3.1216e+04
1.6556e+14   3.1200e+04
1.6575e+14   3.1184e+04
1.6593e+14   3.1168e+04
1.6612e+14   3.1152e+04
1.6631e+14   3.1136e+04
1.6649e+14   3.1120e+04
1.6667e+14   3.1104e+04
1.6685e+14   3.1088e+04
1.6703e+14   3.1072e+04
1.6721e+14   3.1056e+04
1.6739e+14   3.1040e+04
1.6757e+14   3.1023e+04
1.6774e+14   3.1007e+04
1.6791e+14   3.0991e+04
1.6809e+14   3.0975e+04
1.6826e+14   3.0959e+04
1.6843e+14   3.0943e+04
1.6859e+14   3.0927e+04
1.6876e+14   3.0911e+04
1.6893e+14   3.0895e+04
1.6909e+14   3.0879e+04
1.6925e+14   3.0863e+04
1.6941e+14   3.0847e+04
1.6957e+14   3.0831e+04
1.6973e+14   3.0815e+04
1.6988e+14   3.0799e+04
1.7004e+14   3.0783e+04
1.7019e+14   3.0767e+04
1.7034e+14   3.0751e+04
1.7049e+14   3.0735e+04
1.7064e+14   3.0719e+04
1.7079e+14   3.0703e+04
1.7093e+14   3.0687e+04
1.7107e+14   3.0671e+04
1.7122e+14   3.0655e+04
1.7136e+14   3.0639e+04
1.7149e+14   3.0623e+04
1.7163e+14   3.0607e+04
1.7176e+14   3.0591e+04
1.7190e+14   3.0575e+04
1.7203e+14   3.0559e+04
1.7216e+14   3.0543e+04
1.7229e+14   3.0527e+04
1.7241e+14   3.0511e+04
1.7254e+14   3.0495e+04
1.7266e+14   3.0479e+04
1.7278e+14   3.0463e+04
1.7290e+14   3.0447e+04
1.7301e+14   3.0431e+04
1.7313e+14   3.0415e+04
1.7324e+14   3.0399e+04
1.7335e+14   3.0383e+04
1.7346e+14   3.0367e+04
1.7357e+14   3.0351e+04
1.7367e+14   3.0335e+04
1.7378e+14   3.0319e+04
1.7388e+14   3.0303e+04
1.7398e+14   3.0287e+04
1.7407e+14   3.0271e+04
1.7417e+14   3.0255e+04
1.7426e+14   3.0239e+04
1.7435e+14   3.0223e+04
1.7444e+14   3.0207e+04
2.3602e+14   3.0191e+04
2.3640e+14   3.0175e+04
2.3630e+14   3.0159e+04
2.3620e+14   3.0143e+04
2.3609e+14   3.0127e+04
2.3598e+14   3.0111e+04
2.3586e+14   3.0095e+04
2.3574e+14   3.0079e+04
2.3561e+14   3.0063e+04
2.3549e+14   3.0047e+04
2.3535e+14   3.0031e+04
2.3521e+14   3.0015e+04
2.3507e+14   2.9999e+04
2.3493e+14   2.9983e+04
2.3477e+14   2.9967e+04
2.3462e+14   2.9951e+04
2.3446e+14   2.9935e+04
2.3429e+14   2.9919e+04
2.3413e+14   2.9903e+04
2.3395e+14   2.9887e+04
2.3377e+14   2.9871e+04
2.3359e+14   2.9855e+04
2.3340e+14   2.9839e+04
2.3321e+14   2.9823e+04
2.3302e+14   2.9807e+04
2.3282e+14   2.9791e+04
2.3261e+14   2.9775e+04
2.3240e+14   2.9759e+04
2.3218e+14   2.9743e+04
2.3196e+14   2.9727e+04
2.3174e+14   2.9711e+04
2.3151e+14   2.9695e+04
2.3127e+14   2.9679e+04
2.3103e+14   2.9664e+04
2.3079e+14   2.9648e+04
2.3054e+14   2.9632e+04
2.3029e+14   2.9616e+04
2.3003e+14   2.9600e+04
2.2976e+14   2.9584e+04
2.2950e+14   2.9568e+04
2.2922e+14   2.9552e+04
2.2894e+14   2.9536e+04
2.2866e+14   2.9520e+04
2.2837e+14   2.9504e+04
2.2808e+14   2.9488e+04
2.2778e+14   2.9472e+04
2.2747e+14   2.9456e+04
2.2716e+14   2.9440e+04
2.2685e+14   2.9424e+04
2.2653e+14   2.9408e+04
2.2620e+14   2.9392e+04
2.2587e+14   2.9376e+04
2.2554e+14   2.9360e+04
2.2520e+14   2.9344e+04
2.2485e+14   2.9328e+04
2.2450e+14   2.9313e+04
2.2414e+14   2.9297e+04
2.2378e+14   2.9281e+04
2.2341e+14   2.9265e+04
2.2304e+14   2.9249e+04
2.2266e+14   2.9233e+04
2.2228e+14   2.9217e+04
2.2189e+14   2.9201e+04
2.2150e+14   2.9185e+04
2.2110e+14   2.9169e+04
2.2069e+14   2.9153e+04
2.2028e+14   2.9137e+04
2.1986e+14   2.9121e+04
2.1944e+14   2.9105e+04
2.1901e+14   2.9089e+04
2.1858e+14   2.9074e+04
2.1814e+14   2.9058e+04
2.1770e+14   2.9042e+04
2.1725e+14   2.9026e+04
2.1679e+14   2.9010e+04
2.1633e+14   2.8994e+04
2.1587e+14   2.8978e+04
2.1539e+14   2.8962e+04
2.1492e+14   2.8946e+04
2.1443e+14   2.8930e+04
2.1394e+14   2.8914e+04
2.1345e+14   2.8898e+04
2.1295e+14   2.8882e+04
2.1244e+14   2.8867e+04
2.1193e+14   2.8851e+04
2.1141e+14   2.8835e+04
2.1089e+14   2.8819e+04
2.1036e+14   2.8803e+04
2.0982e+14   2.8787e+04
2.0928e+14   2.8771e+04
2.0873e+14   2.8755e+04
2.0818e+14   2.8739e+04
2.0762e+14   2.8723e+04
2.0706e+14   2.8707e+04
2.0649e+14   2.8692e+04
2.0591e+14   2.8676e+04
2.0533e+14   2.8660e+04
2.0474e+14   2.8644e+04
2.0415e+14   2.8628e+04
2.0355e+14   2.8612e+04
1.9099e+14   2.8596e+04
1.9041e+14   2.8580e+04
1.8983e+14   2.8564e+04
1.8924e+14   2.8549e+04
1.8865e+14   2.8533e+04
1.8805e+14   2.8517e+04
1.8745e+14   2.8501e+04
1.8684e+14   2.8485e+04
1.8623e+14   2.8469e+04
1.8561e+14   2.8453e+04
1.8498e+14   2.8437e+04
1.8435e+14   2.8421e+04
1.8371e+14   2.8406e+04
1.8307e+14   2.8390e+04
1.8242e+14   2.8374e+04
1.8177e+14   2.8358e+04
1.8111e+14   2.8342e+04
1.8044e+14   2.8326e+04
1.7977e+14   2.8310e+04
1.7910e+14   2.8294e+04
1.7842e+14   2.8279e+04
1.7773e+14   2.8263e+04
1.7704e+14   2.8247e+04
1.7634e+14   2.8231e+04
1.7563e+14   2.8215e+04
1.7492e+14   2.8199e+04
1.7421e+14   2.8183e+04
1.7349e+14   2.8167e+04
1.7276e+14   2.8152e+04
1.7203e+14   2.8136e+04
1.7129e+14   2.8120e+04
1.7055e+14   2.8104e+04
1.6980e+14   2.8088e+04
1.6905e+14   2.8072e+04
1.6829e+14   2.8056e+04
1.6752e+14   2.8041e+04
1.6675e+14   2.8025e+04
1.6598e+14   2.8009e+04
1.6520e+14   2.7993e+04
1.6441e+14   2.7977e+04
1.6362e+14   2.7961e+04
1.6282e+14   2.7946e+04
1.6202e+14   2.7930e+04
1.6121e+14   2.7914e+04
1.6040e+14   2.7898e+04
1.5958e+14   2.7882e+04
1.5875e+14   2.7866e+04
1.5792e+14   2.7851e+04
1.5709e+14   2.7835e+04
1.5625e+14   2.7819e+04
1.5540e+14   2.7803e+04
1.5455e+14   2.7787e+04
1.5370e+14   2.7771e+04
1.5284e+14   2.7756e+04
1.5197e+14   2.7740e+04
1.5110e+14   2.7724e+04
1.5023e+14   2.7708e+04
1.4934e+14   2.7692e+04
1.4846e+14   2.7676e+04
1.4757e+14   2.7661e+04
1.4667e+14   2.7645e+04
1.4577e+14   2.7629e+04
1.4487e+14   2.7613e+04
1.4396e+14   2.7597e+04
1.4304e+14   2.7582e+04
1.4212e+14   2.7566e+04
1.4120e+14   2.7550e+04
1.4027e+14   2.7534e+04
1.3933e+14   2.7518e+04
1.3839e+14   2.7502e+04
1.3745e+14   2.7487e+04
1.3650e+14   2.7471e+04
1.3555e+14   2.7455e+04
1.3459e+14   2.7439e+04
1.3363e+14   2.7423e+04
1.3267e+14   2.7408e+04
1.3170e+14   2.7392e+04
1.3072e+14   2.7376e+04
1.2975e+14   2.7360e+04
1.2876e+14   2.7345e+04
1.2778e+14   2.7329e+04
1.2679e+14   2.7313e+04
1.2579e+14   2.7297e+04
1.2479e+14   2.7281e+04
1.2379e+14   2.7266e+04
1.2278e+14   2.7250e+04
1.2177e+14   2.7234e+04
1.2076e+14   2.7218e+04
1.1974e+14   2.7203e+04
1.1872e+14   2.7187e+04
1.1770e+14   2.7171e+04
1.1667e+14   2.7155e+04
1.1564e+14   2.7139e+04
1.1461e+14   2.7124e+04
1.1357e+14   2.7108e+04
1.1253e+14   2.7092e+04
1.1148e+14   2.7076e+04
1.1044e+14   2.7061e+04
1.0939e+14   2.7045e+04
1.0834e+14   2.7029e+04
1.0728e+14   2.7013e+04
1.0622e+14   2.6998e+04
1.0516e+14   2.6982e+04
1.0410e+14   2.6966e+04
1.0303e+14   2.6950e+04
1.0197e+14   2.6935e+04
1.0090e+14   2.6919e+04
9.9824e+13   2.6903e+04
9.8749e+13   2.6887e+04
9.7673e+13   2.6872e+04
9.6595e+13   2.6856e+04
9.5515e+13   2.6840e+04
9.4434e+13   2.6825e+04
9.3350e+13   2.6809e+04
9.2266e+13   2.6793e+04
9.1180e+13   2.6777e+04
9.0092e+13   2.6762e+04
8.9004e+13   2.6746e+04
8.7914e+13   2.6730e+04
8.6824e+13   2.6714e+04
8.5733e+13   2.6699e+04
8.4641e+13   2.6683e+04
8.3548e+13   2.6667e+04
8.2455e+13   2.6652e+04
8.1361e+13   2.6636e+04
8.0268e+13   2.6620e+04
7.9174e+13   2.6605e+04
7.8080e+13   2.6589e+04
7.6987e+13   2.6573e+04
7.5893e+13   2.6557e+04
7.4800e+13   2.6542e+04
7.3708e+13   2.6526e+04
7.2616e+13   2.6510e+04
7.1525e+13   2.6495e+04
7.0435e+13   2.6479e+04
6.9346e+13   2.6463e+04
6.8259e+13   2.6448e+04
6.7173e+13   2.6432e+04
6.6088e+13   2.6416e+04
6.5005e+13   2.6401e+04
6.3924e+13   2.6385e+04
6.2845e+13   2.6369e+04
6.1768e+13   2.6354e+04
6.0693e+13   2.6338e+04
5.9621e+13   2.6322e+04
5.8551e+13   2.6307e+04
5.7485e+13   2.6291e+04
5.6421e+13   2.6275e+04
5.5360e+13   2.6260e+04
5.4303e+13   2.6244e+04
5.3249e+13   2.6229e+04
5.2199e+13   2.6213e+04
5.1153e+13   2.6197e+04
5.0111e+13   2.6182e+04
4.9073e+13   2.6166e+04
4.8039e+13   2.6150e+04
4.7010e+13   2.6135e+04
4.5986e+13   2.6119e+04
4.4967e+13   2.6104e+04
4.3953e+13   2.6088e+04
4.2944e+13   2.6072e+04
4.1941e+13   2.6057e+04
4.0944e+13   2.6041e+04
3.9953e+13   2.6026e+04
3.8968e+13   2.6010e+04
3.7989e+13   2.5994e+04
3.7017e+13   2.5979e+04
3.6052e+13   2.5963e+04
3.5094e+13   2.5948e+04
3.4143e+13   2.5932e+04
3.3200e+13   2.5916e+04
3.2264e+13   2.5901e+04
3.1336e+13   2.5885e+04
3.0417e+13   2.5870e+04
2.9506e+13   2.5854e+04
2.8604e+13   2.5839e+04
2.7710e+13   2.5823e+04
2.6826e+13   2.5808e+04
2.5951e+13   2.5792e+04
2.5085e+13   2.5776e+04
2.4230e+13   2.5761e+04
2.3384e+13   2.5745e+04
2.2549e+13   2.5730e+04
2.1725e+13   2.5714e+04
2.0911e+13   2.5699e+04
2.0109e+13   2.5683e+04
1.9317e+13   2.5668e+04
1.8538e+13   2.5652e+04
1.7770e+13   2.5637e+04
1.7015e+13   2.5621e+04
1.6272e+13   2.5606e+04
1.5542e+13   2.5590e+04
1.4825e+13   2.5575e+04
1.4121e+13   2.5560e+04
1.3430e+13   2.5544e+04
1.2753e+13   2.5529e+04
1.2091e+13   2.5513e+04
1.1442e+13   2.5498e+04
1.0809e+13   2.5482e+04
1.0190e+13   2.5467e+04
9.5861e+12   2.5451e+04
8.9980e+12   2.5436e+04
8.4255e+12   2.5421e+04
7.8691e+12   2.5405e+04
7.3290e+12   2.5390e+04
6.8055e+12   2.5375e+04
6.2989e+12   2.5359e+04
5.8094e+12   2.5344e+04
5.3374e+12   2.5328e+04
4.8830e+12   2.5313e+04
4.4467e+12   2.5298e+04
4.0286e+12   2.5282e+04
3.6291e+12   2.5267e+04
3.2484e+12   2.5252e+04
2.8868e+12   2.5237e+04
2.5446e+12   2.5221e+04
2.2220e+12   2.5206e+04
1.9194e+12   2.5191e+04
1.6369e+12   2.5176e+04
1.3748e+12   2.5160e+04
1.1335e+12   2.5145e+04
9.1320e+11   2.5130e+04
7.1417e+11   2.5115e+04
5.3678e+11   2.5100e+04
3.8143e+11   2.5085e+04
2.4875e+11   2.5070e+04
1.3979e+11   2.5055e+04
5.6783e+10   2.5040e+04
2.7777e+09   2.5025e+04
