Dia: 19.0 m | Vel: 19.0 km/s | theta: 18.3 deg | Strength: 5.0e+05 Pa
Power (W)    Time (sec)
5.5076e+09   3.0000e-03
5.5192e+09   6.0000e-03
5.5308e+09   9.0000e-03
5.5425e+09   1.2000e-02
5.5542e+09   1.5000e-02
5.5659e+09   1.8000e-02
5.5776e+09   2.1000e-02
5.5894e+09   2.4000e-02
5.6012e+09   2.7000e-02
5.6130e+09   3.0000e-02
5.6248e+09   3.3000e-02
5.6367e+09   3.6000e-02
5.6486e+09   3.9000e-02
5.6605e+09   4.2000e-02
5.6724e+09   4.5000e-02
5.6844e+09   4.8000e-02
5.6964e+09   5.1000e-02
5.7084e+09   5.4000e-02
5.7205e+09   5.7000e-02
5.7325e+09   6.0000e-02
5.7447e+09   6.3000e-02
5.7568e+09   6.6000e-02
5.7689e+09   6.9000e-02
5.7811e+09   7.2000e-02
5.7933e+09   7.5000e-02
5.8056e+09   7.8000e-02
5.8178e+09   8.1000e-02
5.8301e+09   8.4000e-02
5.8424e+09   8.7000e-02
5.8548e+09   9.0000e-02
5.8672e+09   9.3000e-02
5.8796e+09   9.6000e-02
5.8920e+09   9.9000e-02
5.9044e+09   1.0200e-01
5.9169e+09   1.0500e-01
5.9294e+09   1.0800e-01
5.9420e+09   1.1100e-01
5.9545e+09   1.1400e-01
5.9671e+09   1.1700e-01
5.9797e+09   1.2000e-01
5.9924e+09   1.2300e-01
6.0051e+09   1.2600e-01
6.0178e+09   1.2900e-01
6.0305e+09   1.3200e-01
6.0433e+09   1.3500e-01
6.0561e+09   1.3800e-01
6.0689e+09   1.4100e-01
6.0817e+09   1.4400e-01
6.0946e+09   1.4700e-01
6.1075e+09   1.5000e-01
6.1204e+09   1.5300e-01
6.1334e+09   1.5600e-01
6.1464e+09   1.5900e-01
6.1594e+09   1.6200e-01
6.1724e+09   1.6500e-01
6.1855e+09   1.6800e-01
6.1986e+09   1.7100e-01
6.2117e+09   1.7400e-01
6.2249e+09   1.7700e-01
6.2381e+09   1.8000e-01
6.2513e+09   1.8300e-01
6.2646e+09   1.8600e-01
6.2779e+09   1.8900e-01
6.2912e+09   1.9200e-01
6.3045e+09   1.9500e-01
6.3179e+09   1.9800e-01
6.3313e+09   2.0100e-01
6.3447e+09   2.0400e-01
6.3581e+09   2.0700e-01
6.3716e+09   2.1000e-01
6.3852e+09   2.1300e-01
6.3987e+09   2.1600e-01
6.4123e+09   2.1900e-01
6.4259e+09   2.2200e-01
6.4395e+09   2.2500e-01
6.4532e+09   2.2800e-01
6.4669e+09   2.3100e-01
6.4806e+09   2.3400e-01
6.4944e+09   2.3700e-01
6.5082e+09   2.4000e-01
6.5220e+09   2.4300e-01
6.5358e+09   2.4600e-01
6.5497e+09   2.4900e-01
6.5636e+09   2.5200e-01
6.5776e+09   2.5500e-01
6.5915e+09   2.5800e-01
6.6056e+09   2.6100e-01
6.6196e+09   2.6400e-01
6.6337e+09   2.6700e-01
6.6478e+09   2.7000e-01
6.6619e+09   2.7300e-01
6.6760e+09   2.7600e-01
6.6902e+09   2.7900e-01
6.7045e+09   2.8200e-01
6.7187e+09   2.8500e-01
6.7330e+09   2.8800e-01
6.7473e+09   2.9100e-01
6.7617e+09   2.9400e-01
6.7761e+09   2.9700e-01
6.7905e+09   3.0000e-01
6.8049e+09   3.0300e-01
6.8194e+09   3.0600e-01
6.8339e+09   3.0900e-01
6.8485e+09   3.1200e-01
6.8630e+09   3.1500e-01
6.8776e+09   3.1800e-01
6.8923e+09   3.2100e-01
6.9070e+09   3.2400e-01
6.9217e+09   3.2700e-01
6.9364e+09   3.3000e-01
6.9512e+09   3.3300e-01
6.9660e+09   3.3600e-01
6.9808e+09   3.3900e-01
6.9957e+09   3.4200e-01
7.0106e+09   3.4500e-01
7.0255e+09   3.4800e-01
7.0405e+09   3.5100e-01
7.0555e+09   3.5400e-01
7.0706e+09   3.5700e-01
7.0856e+09   3.6000e-01
7.1007e+09   3.6300e-01
7.1159e+09   3.6600e-01
7.1310e+09   3.6900e-01
7.1463e+09   3.7200e-01
7.1615e+09   3.7500e-01
7.1768e+09   3.7800e-01
7.1921e+09   3.8100e-01
7.2074e+09   3.8400e-01
7.2228e+09   3.8700e-01
7.2382e+09   3.9000e-01
7.2537e+09   3.9300e-01
7.2691e+09   3.9600e-01
7.2847e+09   3.9900e-01
7.3002e+09   4.0200e-01
7.3158e+09   4.0500e-01
7.3314e+09   4.0800e-01
7.3471e+09   4.1100e-01
7.3627e+09   4.1400e-01
7.3785e+09   4.1700e-01
7.3942e+09   4.2000e-01
7.4100e+09   4.2300e-01
7.4259e+09   4.2600e-01
7.4417e+09   4.2900e-01
7.4576e+09   4.3200e-01
7.4736e+09   4.3500e-01
7.4895e+09   4.3800e-01
7.5055e+09   4.4100e-01
7.5216e+09   4.4400e-01
7.5377e+09   4.4700e-01
7.5538e+09   4.5000e-01
7.5699e+09   4.5300e-01
7.5861e+09   4.5600e-01
7.6023e+09   4.5900e-01
7.6186e+09   4.6200e-01
7.6349e+09   4.6500e-01
7.6512e+09   4.6800e-01
7.6676e+09   4.7100e-01
7.6840e+09   4.7400e-01
7.7004e+09   4.7700e-01
7.7169e+09   4.8000e-01
7.7334e+09   4.8300e-01
7.7500e+09   4.8600e-01
7.7666e+09   4.8900e-01
7.7832e+09   4.9200e-01
7.7999e+09   4.9500e-01
7.8166e+09   4.9800e-01
7.8333e+09   5.0100e-01
7.8501e+09   5.0400e-01
7.8669e+09   5.0700e-01
7.8838e+09   5.1000e-01
7.9006e+09   5.1300e-01
7.9176e+09   5.1600e-01
7.9345e+09   5.1900e-01
7.9515e+09   5.2200e-01
7.9686e+09   5.2500e-01
7.9857e+09   5.2800e-01
8.0028e+09   5.3100e-01
8.0199e+09   5.3400e-01
8.0371e+09   5.3700e-01
8.0544e+09   5.4000e-01
8.0716e+09   5.4300e-01
8.0889e+09   5.4600e-01
8.1063e+09   5.4900e-01
8.1237e+09   5.5200e-01
8.1411e+09   5.5500e-01
8.1586e+09   5.5800e-01
8.1761e+09   5.6100e-01
8.1936e+09   5.6400e-01
8.2112e+09   5.6700e-01
8.2288e+09   5.7000e-01
8.2465e+09   5.7300e-01
8.2642e+09   5.7600e-01
8.2820e+09   5.7900e-01
8.2997e+09   5.8200e-01
8.3176e+09   5.8500e-01
8.3354e+09   5.8800e-01
8.3533e+09   5.9100e-01
8.3713e+09   5.9400e-01
8.3893e+09   5.9700e-01
8.4073e+09   6.0000e-01
8.4253e+09   6.0300e-01
8.4435e+09   6.0600e-01
8.4616e+09   6.0900e-01
8.4798e+09   6.1200e-01
8.4980e+09   6.1500e-01
8.5163e+09   6.1800e-01
8.5346e+09   6.2100e-01
8.5529e+09   6.2400e-01
8.5713e+09   6.2700e-01
8.5898e+09   6.3000e-01
8.6082e+09   6.3300e-01
8.6268e+09   6.3600e-01
8.6453e+09   6.3900e-01
8.6639e+09   6.4200e-01
8.6826e+09   6.4500e-01
8.7012e+09   6.4800e-01
8.7200e+09   6.5100e-01
8.7387e+09   6.5400e-01
8.7576e+09   6.5700e-01
8.7764e+09   6.6000e-01
8.7953e+09   6.6300e-01
8.8142e+09   6.6600e-01
8.8332e+09   6.6900e-01
8.8522e+09   6.7200e-01
8.8713e+09   6.7500e-01
8.8904e+09   6.7800e-01
8.9096e+09   6.8100e-01
8.9288e+09   6.8400e-01
8.9480e+09   6.8700e-01
8.9673e+09   6.9000e-01
8.9866e+09   6.9300e-01
9.0060e+09   6.9600e-01
9.0254e+09   6.9900e-01
9.0449e+09   7.0200e-01
9.0644e+09   7.0500e-01
9.0839e+09   7.0800e-01
9.1035e+09   7.1100e-01
9.1231e+09   7.1400e-01
9.1428e+09   7.1700e-01
9.1625e+09   7.2000e-01
9.1823e+09   7.2300e-01
9.2021e+09   7.2600e-01
9.2219e+09   7.2900e-01
9.2418e+09   7.3200e-01
9.2618e+09   7.3500e-01
9.2818e+09   7.3800e-01
9.3018e+09   7.4100e-01
9.3219e+09   7.4400e-01
9.3420e+09   7.4700e-01
9.3622e+09   7.5000e-01
9.3824e+09   7.5300e-01
9.4027e+09   7.5600e-01
9.4230e+09   7.5900e-01
9.4433e+09   7.6200e-01
9.4637e+09   7.6500e-01
9.4842e+09   7.6800e-01
9.5047e+09   7.7100e-01
9.5252e+09   7.7400e-01
9.5458e+09   7.7700e-01
9.5664e+09   7.8000e-01
9.5871e+09   7.8300e-01
9.6078e+09   7.8600e-01
9.6286e+09   7.8900e-01
9.6494e+09   7.9200e-01
9.6703e+09   7.9500e-01
9.6912e+09   7.9800e-01
9.7122e+09   8.0100e-01
9.7332e+09   8.0400e-01
9.7542e+09   8.0700e-01
9.7753e+09   8.1000e-01
9.7965e+09   8.1300e-01
9.8177e+09   8.1600e-01
9.8389e+09   8.1900e-01
9.8602e+09   8.2200e-01
9.8816e+09   8.2500e-01
9.9030e+09   8.2800e-01
9.9244e+09   8.3100e-01
9.9459e+09   8.3400e-01
9.9674e+09   8.3700e-01
9.9890e+09   8.4000e-01
1.0011e+10   8.4300e-01
1.0032e+10   8.4600e-01
1.0054e+10   8.4900e-01
1.0076e+10   8.5200e-01
1.0098e+10   8.5500e-01
1.0120e+10   8.5800e-01
1.0141e+10   8.6100e-01
1.0163e+10   8.6400e-01
1.0186e+10   8.6700e-01
1.0208e+10   8.7000e-01
1.0230e+10   8.7300e-01
1.0252e+10   8.7600e-01
1.0274e+10   8.7900e-01
1.0296e+10   8.8200e-01
1.0319e+10   8.8500e-01
1.0341e+10   8.8800e-01
1.0364e+10   8.9100e-01
1.0386e+10   8.9400e-01
1.0409e+10   8.9700e-01
1.0431e+10   9.0000e-01
1.0454e+10   9.0300e-01
1.0476e+10   9.0600e-01
1.0499e+10   9.0900e-01
1.0522e+10   9.1200e-01
1.0545e+10   9.1500e-01
1.0568e+10   9.1800e-01
1.0591e+10   9.2100e-01
1.0614e+10   9.2400e-01
1.0637e+10   9.2700e-01
1.0660e+10   9.3000e-01
1.0683e+10   9.3300e-01
1.0706e+10   9.3600e-01
1.0730e+10   9.3900e-01
1.0753e+10   9.4200e-01
1.0776e+10   9.4500e-01
1.0800e+10   9.4800e-01
1.0823e+10   9.5100e-01
1.0847e+10   9.5400e-01
1.0870e+10   9.5700e-01
1.0894e+10   9.6000e-01
1.0918e+10   9.6300e-01
1.0941e+10   9.6600e-01
1.0965e+10   9.6900e-01
1.0989e+10   9.7200e-01
1.1013e+10   9.7500e-01
1.1037e+10   9.7800e-01
1.1061e+10   9.8100e-01
1.1085e+10   9.8400e-01
1.1109e+10   9.8700e-01
1.1133e+10   9.9000e-01
1.1157e+10   9.9300e-01
1.1182e+10   9.9600e-01
1.1206e+10   9.9900e-01
1.1230e+10   1.0020e+00
1.1255e+10   1.0050e+00
1.1279e+10   1.0080e+00
1.1304e+10   1.0110e+00
1.1329e+10   1.0140e+00
1.1353e+10   1.0170e+00
1.1378e+10   1.0200e+00
1.1403e+10   1.0230e+00
1.1428e+10   1.0260e+00
1.1453e+10   1.0290e+00
1.1478e+10   1.0320e+00
1.1503e+10   1.0350e+00
1.1528e+10   1.0380e+00
1.1553e+10   1.0410e+00
1.1578e+10   1.0440e+00
1.1603e+10   1.0470e+00
1.1629e+10   1.0500e+00
1.1654e+10   1.0530e+00
1.1679e+10   1.0560e+00
1.1705e+10   1.0590e+00
1.1730e+10   1.0620e+00
1.1756e+10   1.0650e+00
1.1782e+10   1.0680e+00
1.1807e+10   1.0710e+00
1.1833e+10   1.0740e+00
1.1859e+10   1.0770e+00
1.1885e+10   1.0800e+00
1.1911e+10   1.0830e+00
1.1937e+10   1.0860e+00
1.1963e+10   1.0890e+00
1.1989e+10   1.0920e+00
1.2015e+10   1.0950e+00
1.2041e+10   1.0980e+00
1.2068e+10   1.1010e+00
1.2094e+10   1.1040e+00
1.2120e+10   1.1070e+00
1.2147e+10   1.1100e+00
1.2173e+10   1.1130e+00
1.2200e+10   1.1160e+00
1.2227e+10   1.1190e+00
1.2253e+10   1.1220e+00
1.2280e+10   1.1250e+00
1.2307e+10   1.1280e+00
1.2334e+10   1.1310e+00
1.2361e+10   1.1340e+00
1.2388e+10   1.1370e+00
1.2415e+10   1.1400e+00
1.2442e+10   1.1430e+00
1.2470e+10   1.1460e+00
1.2497e+10   1.1490e+00
1.2524e+10   1.1520e+00
1.2552e+10   1.1550e+00
1.2579e+10   1.1580e+00
1.2607e+10   1.1610e+00
1.2634e+10   1.1640e+00
1.2662e+10   1.1670e+00
1.2690e+10   1.1700e+00
1.2717e+10   1.1730e+00
1.2745e+10   1.1760e+00
1.2773e+10   1.1790e+00
1.2801e+10   1.1820e+00
1.2829e+10   1.1850e+00
1.2857e+10   1.1880e+00
1.2885e+10   1.1910e+00
1.2914e+10   1.1940e+00
1.2942e+10   1.1970e+00
1.2970e+10   1.2000e+00
1.2999e+10   1.2030e+00
1.3027e+10   1.2060e+00
1.3056e+10   1.2090e+00
1.3084e+10   1.2120e+00
1.3113e+10   1.2150e+00
1.3142e+10   1.2180e+00
1.3171e+10   1.2210e+00
1.3200e+10   1.2240e+00
1.3229e+10   1.2270e+00
1.3258e+10   1.2300e+00
1.3287e+10   1.2330e+00
1.3316e+10   1.2360e+00
1.3345e+10   1.2390e+00
1.3374e+10   1.2420e+00
1.3404e+10   1.2450e+00
1.3433e+10   1.2480e+00
1.3463e+10   1.2510e+00
1.3492e+10   1.2540e+00
1.3522e+10   1.2570e+00
1.3552e+10   1.2600e+00
1.3581e+10   1.2630e+00
1.3611e+10   1.2660e+00
1.3641e+10   1.2690e+00
1.3671e+10   1.2720e+00
1.3701e+10   1.2750e+00
1.3731e+10   1.2780e+00
1.3761e+10   1.2810e+00
1.3792e+10   1.2840e+00
1.3822e+10   1.2870e+00
1.3852e+10   1.2900e+00
1.3883e+10   1.2930e+00
1.3913e+10   1.2960e+00
1.3944e+10   1.2990e+00
1.3975e+10   1.3020e+00
1.4005e+10   1.3050e+00
1.4036e+10   1.3080e+00
1.4067e+10   1.3110e+00
1.4098e+10   1.3140e+00
1.4129e+10   1.3170e+00
1.4160e+10   1.3200e+00
1.4191e+10   1.3230e+00
1.4223e+10   1.3260e+00
1.4254e+10   1.3290e+00
1.4285e+10   1.3320e+00
1.4317e+10   1.3350e+00
1.4348e+10   1.3380e+00
1.4380e+10   1.3410e+00
1.4412e+10   1.3440e+00
1.4443e+10   1.3470e+00
1.4475e+10   1.3500e+00
1.4507e+10   1.3530e+00
1.4539e+10   1.3560e+00
1.4571e+10   1.3590e+00
1.4603e+10   1.3620e+00
1.4635e+10   1.3650e+00
1.4668e+10   1.3680e+00
1.4700e+10   1.3710e+00
1.4732e+10   1.3740e+00
1.4765e+10   1.3770e+00
1.4797e+10   1.3800e+00
1.4830e+10   1.3830e+00
1.4863e+10   1.3860e+00
1.4895e+10   1.3890e+00
1.4928e+10   1.3920e+00
1.4961e+10   1.3950e+00
1.4994e+10   1.3980e+00
1.5027e+10   1.4010e+00
1.5061e+10   1.4040e+00
1.5094e+10   1.4070e+00
1.5127e+10   1.4100e+00
1.5161e+10   1.4130e+00
1.5194e+10   1.4160e+00
1.5228e+10   1.4190e+00
1.5261e+10   1.4220e+00
1.5295e+10   1.4250e+00
1.5329e+10   1.4280e+00
1.5363e+10   1.4310e+00
1.5396e+10   1.4340e+00
1.5431e+10   1.4370e+00
1.5465e+10   1.4400e+00
1.5499e+10   1.4430e+00
1.5533e+10   1.4460e+00
1.5567e+10   1.4490e+00
1.5602e+10   1.4520e+00
1.5636e+10   1.4550e+00
1.5671e+10   1.4580e+00
1.5706e+10   1.4610e+00
1.5740e+10   1.4640e+00
1.5775e+10   1.4670e+00
1.5810e+10   1.4700e+00
1.5845e+10   1.4730e+00
1.5880e+10   1.4760e+00
1.5915e+10   1.4790e+00
1.5950e+10   1.4820e+00
1.5986e+10   1.4850e+00
1.6021e+10   1.4880e+00
1.6057e+10   1.4910e+00
1.6092e+10   1.4940e+00
1.6128e+10   1.4970e+00
1.6163e+10   1.5000e+00
1.6199e+10   1.5030e+00
1.6235e+10   1.5060e+00
1.6271e+10   1.5090e+00
1.6307e+10   1.5120e+00
1.6343e+10   1.5150e+00
1.6379e+10   1.5180e+00
1.6416e+10   1.5210e+00
1.6452e+10   1.5240e+00
1.6489e+10   1.5270e+00
1.6525e+10   1.5300e+00
1.6562e+10   1.5330e+00
1.6598e+10   1.5360e+00
1.6635e+10   1.5390e+00
1.6672e+10   1.5420e+00
1.6709e+10   1.5450e+00
1.6746e+10   1.5480e+00
1.6783e+10   1.5510e+00
1.6821e+10   1.5540e+00
1.6858e+10   1.5570e+00
1.6895e+10   1.5600e+00
1.6933e+10   1.5630e+00
1.6970e+10   1.5660e+00
1.7008e+10   1.5690e+00
1.7046e+10   1.5720e+00
1.7084e+10   1.5750e+00
1.7122e+10   1.5780e+00
1.7160e+10   1.5810e+00
1.7198e+10   1.5840e+00
1.7236e+10   1.5870e+00
1.7274e+10   1.5900e+00
1.7313e+10   1.5930e+00
1.7351e+10   1.5960e+00
1.7390e+10   1.5990e+00
1.7428e+10   1.6020e+00
1.7467e+10   1.6050e+00
1.7506e+10   1.6080e+00
1.7545e+10   1.6110e+00
1.7584e+10   1.6140e+00
1.7623e+10   1.6170e+00
1.7662e+10   1.6200e+00
1.7701e+10   1.6230e+00
1.7741e+10   1.6260e+00
1.7780e+10   1.6290e+00
1.7820e+10   1.6320e+00
1.7859e+10   1.6350e+00
1.7899e+10   1.6380e+00
1.7939e+10   1.6410e+00
1.7979e+10   1.6440e+00
1.8019e+10   1.6470e+00
1.8059e+10   1.6500e+00
1.8099e+10   1.6530e+00
1.8139e+10   1.6560e+00
1.8180e+10   1.6590e+00
1.8220e+10   1.6620e+00
1.8261e+10   1.6650e+00
1.8301e+10   1.6680e+00
1.8342e+10   1.6710e+00
1.8383e+10   1.6740e+00
1.8424e+10   1.6770e+00
1.8465e+10   1.6800e+00
1.8506e+10   1.6830e+00
1.8547e+10   1.6860e+00
1.8589e+10   1.6890e+00
1.8630e+10   1.6920e+00
1.8672e+10   1.6950e+00
1.8713e+10   1.6980e+00
1.8755e+10   1.7010e+00
1.8797e+10   1.7040e+00
1.8839e+10   1.7070e+00
1.8881e+10   1.7100e+00
1.8923e+10   1.7130e+00
1.8965e+10   1.7160e+00
1.9008e+10   1.7190e+00
1.9050e+10   1.7220e+00
1.9092e+10   1.7250e+00
1.9135e+10   1.7280e+00
1.9178e+10   1.7310e+00
1.9221e+10   1.7340e+00
1.9263e+10   1.7370e+00
1.9306e+10   1.7400e+00
1.9350e+10   1.7430e+00
1.9393e+10   1.7460e+00
1.9436e+10   1.7490e+00
1.9480e+10   1.7520e+00
1.9523e+10   1.7550e+00
1.9567e+10   1.7580e+00
1.9610e+10   1.7610e+00
1.9654e+10   1.7640e+00
1.9698e+10   1.7670e+00
1.9742e+10   1.7700e+00
1.9786e+10   1.7730e+00
1.9830e+10   1.7760e+00
1.9875e+10   1.7790e+00
1.9919e+10   1.7820e+00
1.9964e+10   1.7850e+00
2.0008e+10   1.7880e+00
2.0053e+10   1.7910e+00
2.0098e+10   1.7940e+00
2.0143e+10   1.7970e+00
2.0188e+10   1.8000e+00
2.0233e+10   1.8030e+00
2.0279e+10   1.8060e+00
2.0324e+10   1.8090e+00
2.0369e+10   1.8120e+00
2.0415e+10   1.8150e+00
2.0461e+10   1.8180e+00
2.0507e+10   1.8210e+00
2.0552e+10   1.8240e+00
2.0598e+10   1.8270e+00
2.0645e+10   1.8300e+00
2.0691e+10   1.8330e+00
2.0737e+10   1.8360e+00
2.0784e+10   1.8390e+00
2.0830e+10   1.8420e+00
2.0877e+10   1.8450e+00
2.0924e+10   1.8480e+00
2.0971e+10   1.8510e+00
2.1018e+10   1.8540e+00
2.1065e+10   1.8570e+00
2.1112e+10   1.8600e+00
2.1159e+10   1.8630e+00
2.1207e+10   1.8660e+00
2.1254e+10   1.8690e+00
2.1302e+10   1.8720e+00
2.1350e+10   1.8750e+00
2.1398e+10   1.8780e+00
2.1446e+10   1.8810e+00
2.1494e+10   1.8840e+00
2.1542e+10   1.8870e+00
2.1590e+10   1.8900e+00
2.1639e+10   1.8930e+00
2.1687e+10   1.8960e+00
2.1736e+10   1.8990e+00
2.1785e+10   1.9020e+00
2.1834e+10   1.9050e+00
2.1883e+10   1.9080e+00
2.1932e+10   1.9110e+00
2.1981e+10   1.9140e+00
2.2031e+10   1.9170e+00
2.2080e+10   1.9200e+00
2.2130e+10   1.9230e+00
2.2179e+10   1.9260e+00
2.2229e+10   1.9290e+00
2.2279e+10   1.9320e+00
2.2329e+10   1.9350e+00
2.2379e+10   1.9380e+00
2.2430e+10   1.9410e+00
2.2480e+10   1.9440e+00
2.2531e+10   1.9470e+00
2.2581e+10   1.9500e+00
2.2632e+10   1.9530e+00
2.2683e+10   1.9560e+00
2.2734e+10   1.9590e+00
2.2785e+10   1.9620e+00
2.2837e+10   1.9650e+00
2.2888e+10   1.9680e+00
2.2939e+10   1.9710e+00
2.2991e+10   1.9740e+00
2.3043e+10   1.9770e+00
2.3095e+10   1.9800e+00
2.3147e+10   1.9830e+00
2.3199e+10   1.9860e+00
2.3251e+10   1.9890e+00
2.3303e+10   1.9920e+00
2.3356e+10   1.9950e+00
2.3409e+10   1.9980e+00
2.3461e+10   2.0010e+00
2.3514e+10   2.0040e+00
2.3567e+10   2.0070e+00
2.3620e+10   2.0100e+00
2.3673e+10   2.0130e+00
2.3727e+10   2.0160e+00
2.3780e+10   2.0190e+00
2.3834e+10   2.0220e+00
2.3888e+10   2.0250e+00
2.3942e+10   2.0280e+00
2.3996e+10   2.0310e+00
2.4050e+10   2.0340e+00
2.4104e+10   2.0370e+00
2.4158e+10   2.0400e+00
2.4213e+10   2.0430e+00
2.4267e+10   2.0460e+00
2.4322e+10   2.0490e+00
2.4377e+10   2.0520e+00
2.4432e+10   2.0550e+00
2.4487e+10   2.0580e+00
2.4543e+10   2.0610e+00
2.4598e+10   2.0640e+00
2.4653e+10   2.0670e+00
2.4709e+10   2.0700e+00
2.4765e+10   2.0730e+00
2.4821e+10   2.0760e+00
2.4877e+10   2.0790e+00
2.4933e+10   2.0820e+00
2.4989e+10   2.0850e+00
2.5046e+10   2.0880e+00
2.5103e+10   2.0910e+00
2.5159e+10   2.0940e+00
2.5216e+10   2.0970e+00
2.5273e+10   2.1000e+00
2.5330e+10   2.1030e+00
2.5388e+10   2.1060e+00
2.5445e+10   2.1090e+00
2.5503e+10   2.1120e+00
2.5560e+10   2.1150e+00
2.5618e+10   2.1180e+00
2.5676e+10   2.1210e+00
2.5734e+10   2.1240e+00
2.5792e+10   2.1270e+00
2.5851e+10   2.1300e+00
2.5909e+10   2.1330e+00
2.5968e+10   2.1360e+00
2.6027e+10   2.1390e+00
2.6086e+10   2.1420e+00
2.6145e+10   2.1450e+00
2.6204e+10   2.1480e+00
2.6263e+10   2.1510e+00
2.6323e+10   2.1540e+00
2.6382e+10   2.1570e+00
2.6442e+10   2.1600e+00
2.6502e+10   2.1630e+00
2.6562e+10   2.1660e+00
2.6622e+10   2.1690e+00
2.6683e+10   2.1720e+00
2.6743e+10   2.1750e+00
2.6804e+10   2.1780e+00
2.6864e+10   2.1810e+00
2.6925e+10   2.1840e+00
2.6986e+10   2.1870e+00
2.7048e+10   2.1900e+00
2.7109e+10   2.1930e+00
2.7170e+10   2.1960e+00
2.7232e+10   2.1990e+00
2.7294e+10   2.2020e+00
2.7356e+10   2.2050e+00
2.7418e+10   2.2080e+00
2.7480e+10   2.2110e+00
2.7542e+10   2.2140e+00
2.7605e+10   2.2170e+00
2.7668e+10   2.2200e+00
2.7730e+10   2.2230e+00
2.7793e+10   2.2260e+00
2.7856e+10   2.2290e+00
2.7920e+10   2.2320e+00
2.7983e+10   2.2350e+00
2.8047e+10   2.2380e+00
2.8110e+10   2.2410e+00
2.8174e+10   2.2440e+00
2.8238e+10   2.2470e+00
2.8302e+10   2.2500e+00
2.8367e+10   2.2530e+00
2.8431e+10   2.2560e+00
2.8496e+10   2.2590e+00
2.8561e+10   2.2620e+00
2.8626e+10   2.2650e+00
2.8691e+10   2.2680e+00
2.8756e+10   2.2710e+00
2.8821e+10   2.2740e+00
2.8887e+10   2.2770e+00
2.8953e+10   2.2800e+00
2.9019e+10   2.2830e+00
2.9085e+10   2.2860e+00
2.9151e+10   2.2890e+00
2.9217e+10   2.2920e+00
2.9284e+10   2.2950e+00
2.9350e+10   2.2980e+00
2.9417e+10   2.3010e+00
2.9484e+10   2.3040e+00
2.9551e+10   2.3070e+00
2.9618e+10   2.3100e+00
2.9686e+10   2.3130e+00
2.9754e+10   2.3160e+00
2.9821e+10   2.3190e+00
2.9889e+10   2.3220e+00
2.9957e+10   2.3250e+00
3.0026e+10   2.3280e+00
3.0094e+10   2.3310e+00
3.0163e+10   2.3340e+00
3.0231e+10   2.3370e+00
3.0300e+10   2.3400e+00
3.0369e+10   2.3430e+00
3.0439e+10   2.3460e+00
3.0508e+10   2.3490e+00
3.0578e+10   2.3520e+00
3.0647e+10   2.3550e+00
3.0717e+10   2.3580e+00
3.0787e+10   2.3610e+00
3.0858e+10   2.3640e+00
3.0928e+10   2.3670e+00
3.0999e+10   2.3700e+00
3.1069e+10   2.3730e+00
3.1140e+10   2.3760e+00
3.1211e+10   2.3790e+00
3.1283e+10   2.3820e+00
3.1354e+10   2.3850e+00
3.1426e+10   2.3880e+00
3.1497e+10   2.3910e+00
3.1569e+10   2.3940e+00
3.1641e+10   2.3970e+00
3.1714e+10   2.4000e+00
3.1786e+10   2.4030e+00
3.1859e+10   2.4060e+00
3.1932e+10   2.4090e+00
3.2005e+10   2.4120e+00
3.2078e+10   2.4150e+00
3.2151e+10   2.4180e+00
3.2225e+10   2.4210e+00
3.2298e+10   2.4240e+00
3.2372e+10   2.4270e+00
3.2446e+10   2.4300e+00
3.2520e+10   2.4330e+00
3.2595e+10   2.4360e+00
3.2669e+10   2.4390e+00
3.2744e+10   2.4420e+00
3.2819e+10   2.4450e+00
3.2894e+10   2.4480e+00
3.2969e+10   2.4510e+00
3.3045e+10   2.4540e+00
3.3121e+10   2.4570e+00
3.3196e+10   2.4600e+00
3.3272e+10   2.4630e+00
3.3349e+10   2.4660e+00
3.3425e+10   2.4690e+00
3.3501e+10   2.4720e+00
3.3578e+10   2.4750e+00
3.3655e+10   2.4780e+00
3.3732e+10   2.4810e+00
3.3810e+10   2.4840e+00
3.3887e+10   2.4870e+00
3.3965e+10   2.4900e+00
3.4043e+10   2.4930e+00
3.4121e+10   2.4960e+00
3.4199e+10   2.4990e+00
3.4277e+10   2.5020e+00
3.4356e+10   2.5050e+00
3.4435e+10   2.5080e+00
3.4514e+10   2.5110e+00
3.4593e+10   2.5140e+00
3.4672e+10   2.5170e+00
3.4752e+10   2.5200e+00
3.4831e+10   2.5230e+00
3.4911e+10   2.5260e+00
3.4991e+10   2.5290e+00
3.5072e+10   2.5320e+00
3.5152e+10   2.5350e+00
3.5233e+10   2.5380e+00
3.5314e+10   2.5410e+00
3.5395e+10   2.5440e+00
3.5476e+10   2.5470e+00
3.5558e+10   2.5500e+00
3.5639e+10   2.5530e+00
3.5721e+10   2.5560e+00
3.5803e+10   2.5590e+00
3.5885e+10   2.5620e+00
3.5968e+10   2.5650e+00
3.6051e+10   2.5680e+00
3.6133e+10   2.5710e+00
3.6217e+10   2.5740e+00
3.6300e+10   2.5770e+00
3.6383e+10   2.5800e+00
3.6467e+10   2.5830e+00
3.6551e+10   2.5860e+00
3.6635e+10   2.5890e+00
3.6719e+10   2.5920e+00
3.6804e+10   2.5950e+00
3.6888e+10   2.5980e+00
3.6973e+10   2.6010e+00
3.7058e+10   2.6040e+00
3.7143e+10   2.6070e+00
3.7229e+10   2.6100e+00
3.7315e+10   2.6130e+00
3.7401e+10   2.6160e+00
3.7487e+10   2.6190e+00
3.7573e+10   2.6220e+00
3.7659e+10   2.6250e+00
3.7746e+10   2.6280e+00
3.7833e+10   2.6310e+00
3.7920e+10   2.6340e+00
3.8008e+10   2.6370e+00
3.8095e+10   2.6400e+00
3.8183e+10   2.6430e+00
3.8271e+10   2.6460e+00
3.8359e+10   2.6490e+00
3.8448e+10   2.6520e+00
3.8536e+10   2.6550e+00
3.8625e+10   2.6580e+00
3.8714e+10   2.6610e+00
3.8803e+10   2.6640e+00
3.8893e+10   2.6670e+00
3.8983e+10   2.6700e+00
3.9072e+10   2.6730e+00
3.9163e+10   2.6760e+00
3.9253e+10   2.6790e+00
3.9344e+10   2.6820e+00
3.9434e+10   2.6850e+00
3.9525e+10   2.6880e+00
3.9617e+10   2.6910e+00
3.9708e+10   2.6940e+00
3.9800e+10   2.6970e+00
3.9892e+10   2.7000e+00
3.9984e+10   2.7030e+00
4.0076e+10   2.7060e+00
4.0169e+10   2.7090e+00
4.0261e+10   2.7120e+00
4.0354e+10   2.7150e+00
4.0448e+10   2.7180e+00
4.0541e+10   2.7210e+00
4.0635e+10   2.7240e+00
4.0729e+10   2.7270e+00
4.0823e+10   2.7300e+00
4.0917e+10   2.7330e+00
4.1012e+10   2.7360e+00
4.1107e+10   2.7390e+00
4.1202e+10   2.7420e+00
4.1297e+10   2.7450e+00
4.1392e+10   2.7480e+00
4.1488e+10   2.7510e+00
4.1584e+10   2.7540e+00
4.1680e+10   2.7570e+00
4.1777e+10   2.7600e+00
4.1874e+10   2.7630e+00
4.1970e+10   2.7660e+00
4.2068e+10   2.7690e+00
4.2165e+10   2.7720e+00
4.2263e+10   2.7750e+00
4.2360e+10   2.7780e+00
4.2458e+10   2.7810e+00
4.2557e+10   2.7840e+00
4.2655e+10   2.7870e+00
4.2754e+10   2.7900e+00
4.2853e+10   2.7930e+00
4.2953e+10   2.7960e+00
4.3052e+10   2.7990e+00
4.3152e+10   2.8020e+00
4.3252e+10   2.8050e+00
4.3352e+10   2.8080e+00
4.3453e+10   2.8110e+00
4.3553e+10   2.8140e+00
4.3654e+10   2.8170e+00
4.3755e+10   2.8200e+00
4.3857e+10   2.8230e+00
4.3959e+10   2.8260e+00
4.4061e+10   2.8290e+00
4.4163e+10   2.8320e+00
4.4265e+10   2.8350e+00
4.4368e+10   2.8380e+00
4.4471e+10   2.8410e+00
4.4574e+10   2.8440e+00
4.4678e+10   2.8470e+00
4.4781e+10   2.8500e+00
4.4885e+10   2.8530e+00
4.4990e+10   2.8560e+00
4.5094e+10   2.8590e+00
4.5199e+10   2.8620e+00
4.5304e+10   2.8650e+00
4.5409e+10   2.8680e+00
4.5514e+10   2.8710e+00
4.5620e+10   2.8740e+00
4.5726e+10   2.8770e+00
4.5832e+10   2.8800e+00
4.5939e+10   2.8830e+00
4.6046e+10   2.8860e+00
4.6153e+10   2.8890e+00
4.6260e+10   2.8920e+00
4.6368e+10   2.8950e+00
4.6475e+10   2.8980e+00
4.6583e+10   2.9010e+00
4.6692e+10   2.9040e+00
4.6800e+10   2.9070e+00
4.6909e+10   2.9100e+00
4.7018e+10   2.9130e+00
4.7128e+10   2.9160e+00
4.7237e+10   2.9190e+00
4.7347e+10   2.9220e+00
4.7458e+10   2.9250e+00
4.7568e+10   2.9280e+00
4.7679e+10   2.9310e+00
4.7790e+10   2.9340e+00
4.7901e+10   2.9370e+00
4.8013e+10   2.9400e+00
4.8124e+10   2.9430e+00
4.8237e+10   2.9460e+00
4.8349e+10   2.9490e+00
4.8462e+10   2.9520e+00
4.8574e+10   2.9550e+00
4.8688e+10   2.9580e+00
4.8801e+10   2.9610e+00
4.8915e+10   2.9640e+00
4.9029e+10   2.9670e+00
4.9143e+10   2.9700e+00
4.9258e+10   2.9730e+00
4.9373e+10   2.9760e+00
4.9488e+10   2.9790e+00
4.9603e+10   2.9820e+00
4.9719e+10   2.9850e+00
4.9835e+10   2.9880e+00
4.9951e+10   2.9910e+00
5.0068e+10   2.9940e+00
5.0185e+10   2.9970e+00
5.0302e+10   3.0000e+00
5.0419e+10   3.0030e+00
5.0537e+10   3.0060e+00
5.0655e+10   3.0090e+00
5.0773e+10   3.0120e+00
5.0892e+10   3.0150e+00
5.1010e+10   3.0180e+00
5.1130e+10   3.0210e+00
5.1249e+10   3.0240e+00
5.1369e+10   3.0270e+00
5.1489e+10   3.0300e+00
5.1609e+10   3.0330e+00
5.1730e+10   3.0360e+00
5.1850e+10   3.0390e+00
5.1972e+10   3.0420e+00
5.2093e+10   3.0450e+00
5.2215e+10   3.0480e+00
5.2337e+10   3.0510e+00
5.2459e+10   3.0540e+00
5.2582e+10   3.0570e+00
5.2705e+10   3.0600e+00
5.2828e+10   3.0630e+00
5.2952e+10   3.0660e+00
5.3076e+10   3.0690e+00
5.3200e+10   3.0720e+00
5.3324e+10   3.0750e+00
5.3449e+10   3.0780e+00
5.3574e+10   3.0810e+00
5.3700e+10   3.0840e+00
5.3826e+10   3.0870e+00
5.3952e+10   3.0900e+00
5.4078e+10   3.0930e+00
5.4205e+10   3.0960e+00
5.4331e+10   3.0990e+00
5.4459e+10   3.1020e+00
5.4586e+10   3.1050e+00
5.4714e+10   3.1080e+00
5.4842e+10   3.1110e+00
5.4971e+10   3.1140e+00
5.5100e+10   3.1170e+00
5.5229e+10   3.1200e+00
5.5358e+10   3.1230e+00
5.5488e+10   3.1260e+00
5.5618e+10   3.1290e+00
5.5749e+10   3.1320e+00
5.5879e+10   3.1350e+00
5.6010e+10   3.1380e+00
5.6142e+10   3.1410e+00
5.6274e+10   3.1440e+00
5.6406e+10   3.1470e+00
5.6538e+10   3.1500e+00
5.6671e+10   3.1530e+00
5.6804e+10   3.1560e+00
5.6937e+10   3.1590e+00
5.7071e+10   3.1620e+00
5.7205e+10   3.1650e+00
5.7339e+10   3.1680e+00
5.7473e+10   3.1710e+00
5.7608e+10   3.1740e+00
5.7744e+10   3.1770e+00
5.7879e+10   3.1800e+00
5.8015e+10   3.1830e+00
5.8152e+10   3.1860e+00
5.8288e+10   3.1890e+00
5.8425e+10   3.1920e+00
5.8563e+10   3.1950e+00
5.8700e+10   3.1980e+00
5.8838e+10   3.2010e+00
5.8977e+10   3.2040e+00
5.9115e+10   3.2070e+00
5.9254e+10   3.2100e+00
5.9394e+10   3.2130e+00
5.9533e+10   3.2160e+00
5.9673e+10   3.2190e+00
5.9814e+10   3.2220e+00
5.9954e+10   3.2250e+00
6.0096e+10   3.2280e+00
6.0237e+10   3.2310e+00
6.0379e+10   3.2340e+00
6.0521e+10   3.2370e+00
6.0663e+10   3.2400e+00
6.0806e+10   3.2430e+00
6.0949e+10   3.2460e+00
6.1093e+10   3.2490e+00
6.1237e+10   3.2520e+00
6.1381e+10   3.2550e+00
6.1525e+10   3.2580e+00
6.1670e+10   3.2610e+00
6.1816e+10   3.2640e+00
6.1961e+10   3.2670e+00
6.2107e+10   3.2700e+00
6.2254e+10   3.2730e+00
6.2401e+10   3.2760e+00
6.2548e+10   3.2790e+00
6.2695e+10   3.2820e+00
6.2843e+10   3.2850e+00
6.2991e+10   3.2880e+00
6.3140e+10   3.2910e+00
6.3289e+10   3.2940e+00
6.3438e+10   3.2970e+00
6.3588e+10   3.3000e+00
6.3738e+10   3.3030e+00
6.3888e+10   3.3060e+00
6.4039e+10   3.3090e+00
6.4190e+10   3.3120e+00
6.4341e+10   3.3150e+00
6.4493e+10   3.3180e+00
6.4646e+10   3.3210e+00
6.4798e+10   3.3240e+00
6.4951e+10   3.3270e+00
6.5105e+10   3.3300e+00
6.5258e+10   3.3330e+00
6.5413e+10   3.3360e+00
6.5567e+10   3.3390e+00
6.5722e+10   3.3420e+00
6.5877e+10   3.3450e+00
6.6033e+10   3.3480e+00
6.6189e+10   3.3510e+00
6.6346e+10   3.3540e+00
6.6502e+10   3.3570e+00
6.6660e+10   3.3600e+00
6.6817e+10   3.3630e+00
6.6975e+10   3.3660e+00
6.7134e+10   3.3690e+00
6.7292e+10   3.3720e+00
6.7452e+10   3.3750e+00
6.7611e+10   3.3780e+00
6.7771e+10   3.3810e+00
6.7932e+10   3.3840e+00
6.8092e+10   3.3870e+00
6.8253e+10   3.3900e+00
6.8415e+10   3.3930e+00
6.8577e+10   3.3960e+00
6.8739e+10   3.3990e+00
6.8902e+10   3.4020e+00
6.9065e+10   3.4050e+00
6.9229e+10   3.4080e+00
6.9393e+10   3.4110e+00
6.9557e+10   3.4140e+00
6.9722e+10   3.4170e+00
6.9887e+10   3.4200e+00
7.0053e+10   3.4230e+00
7.0219e+10   3.4260e+00
7.0385e+10   3.4290e+00
7.0552e+10   3.4320e+00
7.0719e+10   3.4350e+00
7.0887e+10   3.4380e+00
7.1055e+10   3.4410e+00
7.1224e+10   3.4440e+00
7.1393e+10   3.4470e+00
7.1562e+10   3.4500e+00
7.1732e+10   3.4530e+00
7.1902e+10   3.4560e+00
7.2073e+10   3.4590e+00
7.2244e+10   3.4620e+00
7.2415e+10   3.4650e+00
7.2587e+10   3.4680e+00
7.2759e+10   3.4710e+00
7.2932e+10   3.4740e+00
7.3105e+10   3.4770e+00
7.3279e+10   3.4800e+00
7.3453e+10   3.4830e+00
7.3627e+10   3.4860e+00
7.3802e+10   3.4890e+00
7.3977e+10   3.4920e+00
7.4153e+10   3.4950e+00
7.4329e+10   3.4980e+00
7.4506e+10   3.5010e+00
7.4683e+10   3.5040e+00
7.4861e+10   3.5070e+00
7.5039e+10   3.5100e+00
7.5217e+10   3.5130e+00
7.5396e+10   3.5160e+00
7.5575e+10   3.5190e+00
7.5755e+10   3.5220e+00
7.5935e+10   3.5250e+00
7.6116e+10   3.5280e+00
7.6297e+10   3.5310e+00
7.6478e+10   3.5340e+00
7.6660e+10   3.5370e+00
7.6843e+10   3.5400e+00
7.7026e+10   3.5430e+00
7.7209e+10   3.5460e+00
7.7393e+10   3.5490e+00
7.7577e+10   3.5520e+00
7.7762e+10   3.5550e+00
7.7947e+10   3.5580e+00
7.8133e+10   3.5610e+00
7.8319e+10   3.5640e+00
7.8505e+10   3.5670e+00
7.8692e+10   3.5700e+00
7.8880e+10   3.5730e+00
7.9068e+10   3.5760e+00
7.9256e+10   3.5790e+00
7.9445e+10   3.5820e+00
7.9635e+10   3.5850e+00
7.9824e+10   3.5880e+00
8.0015e+10   3.5910e+00
8.0206e+10   3.5940e+00
8.0397e+10   3.5970e+00
8.0589e+10   3.6000e+00
8.0781e+10   3.6030e+00
8.0974e+10   3.6060e+00
8.1167e+10   3.6090e+00
8.1360e+10   3.6120e+00
8.1555e+10   3.6150e+00
8.1749e+10   3.6180e+00
8.1944e+10   3.6210e+00
8.2140e+10   3.6240e+00
8.2336e+10   3.6270e+00
8.2533e+10   3.6300e+00
8.2730e+10   3.6330e+00
8.2927e+10   3.6360e+00
8.3125e+10   3.6390e+00
8.3324e+10   3.6420e+00
8.3523e+10   3.6450e+00
8.3723e+10   3.6480e+00
8.3923e+10   3.6510e+00
8.4123e+10   3.6540e+00
8.4324e+10   3.6570e+00
8.4526e+10   3.6600e+00
8.4728e+10   3.6630e+00
8.4930e+10   3.6660e+00
8.5134e+10   3.6690e+00
8.5337e+10   3.6720e+00
8.5541e+10   3.6750e+00
8.5746e+10   3.6780e+00
8.5951e+10   3.6810e+00
8.6157e+10   3.6840e+00
8.6363e+10   3.6870e+00
8.6569e+10   3.6900e+00
8.6777e+10   3.6930e+00
8.6984e+10   3.6960e+00
8.7192e+10   3.6990e+00
8.7401e+10   3.7020e+00
8.7610e+10   3.7050e+00
8.7820e+10   3.7080e+00
8.8031e+10   3.7110e+00
8.8241e+10   3.7140e+00
8.8453e+10   3.7170e+00
8.8665e+10   3.7200e+00
8.8877e+10   3.7230e+00
8.9090e+10   3.7260e+00
8.9304e+10   3.7290e+00
8.9518e+10   3.7320e+00
8.9732e+10   3.7350e+00
8.9947e+10   3.7380e+00
9.0163e+10   3.7410e+00
9.0379e+10   3.7440e+00
9.0596e+10   3.7470e+00
9.0813e+10   3.7500e+00
9.1031e+10   3.7530e+00
9.1249e+10   3.7560e+00
9.1468e+10   3.7590e+00
9.1688e+10   3.7620e+00
9.1908e+10   3.7650e+00
9.2128e+10   3.7680e+00
9.2349e+10   3.7710e+00
9.2571e+10   3.7740e+00
9.2793e+10   3.7770e+00
9.3016e+10   3.7800e+00
9.3239e+10   3.7830e+00
9.3463e+10   3.7860e+00
9.3688e+10   3.7890e+00
9.3913e+10   3.7920e+00
9.4138e+10   3.7950e+00
9.4365e+10   3.7980e+00
9.4591e+10   3.8010e+00
9.4819e+10   3.8040e+00
9.5046e+10   3.8070e+00
9.5275e+10   3.8100e+00
9.5504e+10   3.8130e+00
9.5733e+10   3.8160e+00
9.5964e+10   3.8190e+00
9.6194e+10   3.8220e+00
9.6426e+10   3.8250e+00
9.6658e+10   3.8280e+00
9.6890e+10   3.8310e+00
9.7123e+10   3.8340e+00
9.7357e+10   3.8370e+00
9.7591e+10   3.8400e+00
9.7826e+10   3.8430e+00
9.8061e+10   3.8460e+00
9.8297e+10   3.8490e+00
9.8534e+10   3.8520e+00
9.8771e+10   3.8550e+00
9.9009e+10   3.8580e+00
9.9248e+10   3.8610e+00
9.9487e+10   3.8640e+00
9.9726e+10   3.8670e+00
9.9966e+10   3.8700e+00
1.0021e+11   3.8730e+00
1.0045e+11   3.8760e+00
1.0069e+11   3.8790e+00
1.0093e+11   3.8820e+00
1.0118e+11   3.8850e+00
1.0142e+11   3.8880e+00
1.0167e+11   3.8910e+00
1.0191e+11   3.8940e+00
1.0216e+11   3.8970e+00
1.0240e+11   3.9000e+00
1.0265e+11   3.9030e+00
1.0290e+11   3.9060e+00
1.0315e+11   3.9090e+00
1.0339e+11   3.9120e+00
1.0364e+11   3.9150e+00
1.0389e+11   3.9180e+00
1.0414e+11   3.9210e+00
1.0440e+11   3.9240e+00
1.0465e+11   3.9270e+00
1.0490e+11   3.9300e+00
1.0515e+11   3.9330e+00
1.0541e+11   3.9360e+00
1.0566e+11   3.9390e+00
1.0592e+11   3.9420e+00
1.0617e+11   3.9450e+00
1.0643e+11   3.9480e+00
1.0669e+11   3.9510e+00
1.0694e+11   3.9540e+00
1.0720e+11   3.9570e+00
1.0746e+11   3.9600e+00
1.0772e+11   3.9630e+00
1.0798e+11   3.9660e+00
1.0824e+11   3.9690e+00
1.0850e+11   3.9720e+00
1.0877e+11   3.9750e+00
1.0903e+11   3.9780e+00
1.0929e+11   3.9810e+00
1.0956e+11   3.9840e+00
1.0982e+11   3.9870e+00
1.1009e+11   3.9900e+00
1.1036e+11   3.9930e+00
1.1062e+11   3.9960e+00
1.1089e+11   3.9990e+00
1.1116e+11   4.0020e+00
1.1143e+11   4.0050e+00
1.1170e+11   4.0080e+00
1.1197e+11   4.0110e+00
1.1224e+11   4.0140e+00
1.1251e+11   4.0170e+00
1.1278e+11   4.0200e+00
1.1306e+11   4.0230e+00
1.1333e+11   4.0260e+00
1.1361e+11   4.0290e+00
1.1388e+11   4.0320e+00
1.1416e+11   4.0350e+00
1.1443e+11   4.0380e+00
1.1471e+11   4.0410e+00
1.1499e+11   4.0440e+00
1.1527e+11   4.0470e+00
1.1555e+11   4.0500e+00
1.1583e+11   4.0530e+00
1.1611e+11   4.0560e+00
1.1639e+11   4.0590e+00
1.1667e+11   4.0620e+00
1.1696e+11   4.0650e+00
1.1724e+11   4.0680e+00
1.1752e+11   4.0710e+00
1.1781e+11   4.0740e+00
1.1810e+11   4.0770e+00
1.1838e+11   4.0800e+00
1.1867e+11   4.0830e+00
1.1896e+11   4.0860e+00
1.1925e+11   4.0890e+00
1.1954e+11   4.0920e+00
1.1983e+11   4.0950e+00
1.2012e+11   4.0980e+00
1.2041e+11   4.1010e+00
1.2070e+11   4.1040e+00
1.2099e+11   4.1070e+00
1.2129e+11   4.1100e+00
1.2158e+11   4.1130e+00
1.2188e+11   4.1160e+00
1.2218e+11   4.1190e+00
1.2247e+11   4.1220e+00
1.2277e+11   4.1250e+00
1.2307e+11   4.1280e+00
1.2337e+11   4.1310e+00
1.2367e+11   4.1340e+00
1.2397e+11   4.1370e+00
1.2427e+11   4.1400e+00
1.2457e+11   4.1430e+00
1.2488e+11   4.1460e+00
1.2518e+11   4.1490e+00
1.2549e+11   4.1520e+00
1.2579e+11   4.1550e+00
1.2610e+11   4.1580e+00
1.2640e+11   4.1610e+00
1.2671e+11   4.1640e+00
1.2702e+11   4.1670e+00
1.2733e+11   4.1700e+00
1.2764e+11   4.1730e+00
1.2795e+11   4.1760e+00
1.2826e+11   4.1790e+00
1.2858e+11   4.1820e+00
1.2889e+11   4.1850e+00
1.2920e+11   4.1880e+00
1.2952e+11   4.1910e+00
1.2983e+11   4.1940e+00
1.3015e+11   4.1970e+00
1.3047e+11   4.2000e+00
1.3079e+11   4.2030e+00
1.3110e+11   4.2060e+00
1.3142e+11   4.2090e+00
1.3174e+11   4.2120e+00
1.3207e+11   4.2150e+00
1.3239e+11   4.2180e+00
1.3271e+11   4.2210e+00
1.3304e+11   4.2240e+00
1.3336e+11   4.2270e+00
1.3369e+11   4.2300e+00
1.3401e+11   4.2330e+00
1.3434e+11   4.2360e+00
1.3467e+11   4.2390e+00
1.3500e+11   4.2420e+00
1.3533e+11   4.2450e+00
1.3566e+11   4.2480e+00
1.3599e+11   4.2510e+00
1.3632e+11   4.2540e+00
1.3665e+11   4.2570e+00
1.3699e+11   4.2600e+00
1.3732e+11   4.2630e+00
1.3766e+11   4.2660e+00
1.3799e+11   4.2690e+00
1.3833e+11   4.2720e+00
1.3867e+11   4.2750e+00
1.3901e+11   4.2780e+00
1.3935e+11   4.2810e+00
1.3969e+11   4.2840e+00
1.4003e+11   4.2870e+00
1.4037e+11   4.2900e+00
1.4072e+11   4.2930e+00
1.4106e+11   4.2960e+00
1.4141e+11   4.2990e+00
1.4175e+11   4.3020e+00
1.4210e+11   4.3050e+00
1.4245e+11   4.3080e+00
1.4280e+11   4.3110e+00
1.4315e+11   4.3140e+00
1.4350e+11   4.3170e+00
1.4385e+11   4.3200e+00
1.4420e+11   4.3230e+00
1.4455e+11   4.3260e+00
1.4491e+11   4.3290e+00
1.4526e+11   4.3320e+00
1.4562e+11   4.3350e+00
1.4598e+11   4.3380e+00
1.4633e+11   4.3410e+00
1.4669e+11   4.3440e+00
1.4705e+11   4.3470e+00
1.4741e+11   4.3500e+00
1.4778e+11   4.3530e+00
1.4814e+11   4.3560e+00
1.4850e+11   4.3590e+00
1.4887e+11   4.3620e+00
1.4923e+11   4.3650e+00
1.4960e+11   4.3680e+00
1.4996e+11   4.3710e+00
1.5033e+11   4.3740e+00
1.5070e+11   4.3770e+00
1.5107e+11   4.3800e+00
1.5144e+11   4.3830e+00
1.5181e+11   4.3860e+00
1.5219e+11   4.3890e+00
1.5256e+11   4.3920e+00
1.5294e+11   4.3950e+00
1.5331e+11   4.3980e+00
1.5369e+11   4.4010e+00
1.5407e+11   4.4040e+00
1.5444e+11   4.4070e+00
1.5482e+11   4.4100e+00
1.5520e+11   4.4130e+00
1.5559e+11   4.4160e+00
1.5597e+11   4.4190e+00
1.5635e+11   4.4220e+00
1.5674e+11   4.4250e+00
1.5712e+11   4.4280e+00
1.5751e+11   4.4310e+00
1.5790e+11   4.4340e+00
1.5828e+11   4.4370e+00
1.5867e+11   4.4400e+00
1.5906e+11   4.4430e+00
1.5945e+11   4.4460e+00
1.5985e+11   4.4490e+00
1.6024e+11   4.4520e+00
1.6064e+11   4.4550e+00
1.6103e+11   4.4580e+00
1.6143e+11   4.4610e+00
1.6182e+11   4.4640e+00
1.6222e+11   4.4670e+00
1.6262e+11   4.4700e+00
1.6302e+11   4.4730e+00
1.6343e+11   4.4760e+00
1.6383e+11   4.4790e+00
1.6423e+11   4.4820e+00
1.6464e+11   4.4850e+00
1.6504e+11   4.4880e+00
1.6545e+11   4.4910e+00
1.6586e+11   4.4940e+00
1.6627e+11   4.4970e+00
1.6668e+11   4.5000e+00
1.6709e+11   4.5030e+00
1.6750e+11   4.5060e+00
1.6791e+11   4.5090e+00
1.6833e+11   4.5120e+00
1.6874e+11   4.5150e+00
1.6916e+11   4.5180e+00
1.6958e+11   4.5210e+00
1.6999e+11   4.5240e+00
1.7041e+11   4.5270e+00
1.7083e+11   4.5300e+00
1.7126e+11   4.5330e+00
1.7168e+11   4.5360e+00
1.7210e+11   4.5390e+00
1.7253e+11   4.5420e+00
1.7295e+11   4.5450e+00
1.7338e+11   4.5480e+00
1.7381e+11   4.5510e+00
1.7424e+11   4.5540e+00
1.7467e+11   4.5570e+00
1.7510e+11   4.5600e+00
1.7553e+11   4.5630e+00
1.7597e+11   4.5660e+00
1.7640e+11   4.5690e+00
1.7684e+11   4.5720e+00
1.7728e+11   4.5750e+00
1.7772e+11   4.5780e+00
1.7815e+11   4.5810e+00
1.7860e+11   4.5840e+00
1.7904e+11   4.5870e+00
1.7948e+11   4.5900e+00
1.7992e+11   4.5930e+00
1.8037e+11   4.5960e+00
1.8082e+11   4.5990e+00
1.8126e+11   4.6020e+00
1.8171e+11   4.6050e+00
1.8216e+11   4.6080e+00
1.8261e+11   4.6110e+00
1.8307e+11   4.6140e+00
1.8352e+11   4.6170e+00
1.8397e+11   4.6200e+00
1.8443e+11   4.6230e+00
1.8489e+11   4.6260e+00
1.8534e+11   4.6290e+00
1.8580e+11   4.6320e+00
1.8626e+11   4.6350e+00
1.8673e+11   4.6380e+00
1.8719e+11   4.6410e+00
1.8765e+11   4.6440e+00
1.8812e+11   4.6470e+00
1.8858e+11   4.6500e+00
1.8905e+11   4.6530e+00
1.8952e+11   4.6560e+00
1.8999e+11   4.6590e+00
1.9046e+11   4.6620e+00
1.9094e+11   4.6650e+00
1.9141e+11   4.6680e+00
1.9188e+11   4.6710e+00
1.9236e+11   4.6740e+00
1.9284e+11   4.6770e+00
1.9332e+11   4.6800e+00
1.9380e+11   4.6830e+00
1.9428e+11   4.6860e+00
1.9476e+11   4.6890e+00
1.9524e+11   4.6920e+00
1.9573e+11   4.6950e+00
1.9622e+11   4.6980e+00
1.9670e+11   4.7010e+00
1.9719e+11   4.7040e+00
1.9768e+11   4.7070e+00
1.9817e+11   4.7100e+00
1.9867e+11   4.7130e+00
1.9916e+11   4.7160e+00
1.9966e+11   4.7190e+00
2.0015e+11   4.7220e+00
2.0065e+11   4.7250e+00
2.0115e+11   4.7280e+00
2.0165e+11   4.7310e+00
2.0215e+11   4.7340e+00
2.0265e+11   4.7370e+00
2.0316e+11   4.7400e+00
2.0366e+11   4.7430e+00
2.0417e+11   4.7460e+00
2.0468e+11   4.7490e+00
2.0519e+11   4.7520e+00
2.0570e+11   4.7550e+00
2.0621e+11   4.7580e+00
2.0672e+11   4.7610e+00
2.0724e+11   4.7640e+00
2.0776e+11   4.7670e+00
2.0827e+11   4.7700e+00
2.0879e+11   4.7730e+00
2.0931e+11   4.7760e+00
2.0983e+11   4.7790e+00
2.1036e+11   4.7820e+00
2.1088e+11   4.7850e+00
2.1141e+11   4.7880e+00
2.1193e+11   4.7910e+00
2.1246e+11   4.7940e+00
2.1299e+11   4.7970e+00
2.1352e+11   4.8000e+00
2.1406e+11   4.8030e+00
2.1459e+11   4.8060e+00
2.1512e+11   4.8090e+00
2.1566e+11   4.8120e+00
2.1620e+11   4.8150e+00
2.1674e+11   4.8180e+00
2.1728e+11   4.8210e+00
2.1782e+11   4.8240e+00
2.1837e+11   4.8270e+00
2.1891e+11   4.8300e+00
2.1946e+11   4.8330e+00
2.2001e+11   4.8360e+00
2.2056e+11   4.8390e+00
2.2111e+11   4.8420e+00
2.2166e+11   4.8450e+00
2.2221e+11   4.8480e+00
2.2277e+11   4.8510e+00
2.2332e+11   4.8540e+00
2.2388e+11   4.8570e+00
2.2444e+11   4.8600e+00
2.2500e+11   4.8630e+00
2.2557e+11   4.8660e+00
2.2613e+11   4.8690e+00
2.2669e+11   4.8720e+00
2.2726e+11   4.8750e+00
2.2783e+11   4.8780e+00
2.2840e+11   4.8810e+00
2.2897e+11   4.8840e+00
2.2954e+11   4.8870e+00
2.3012e+11   4.8900e+00
2.3069e+11   4.8930e+00
2.3127e+11   4.8960e+00
2.3185e+11   4.8990e+00
2.3243e+11   4.9020e+00
2.3301e+11   4.9050e+00
2.3360e+11   4.9080e+00
2.3418e+11   4.9110e+00
2.3477e+11   4.9140e+00
2.3536e+11   4.9170e+00
2.3595e+11   4.9200e+00
2.3654e+11   4.9230e+00
2.3713e+11   4.9260e+00
2.3772e+11   4.9290e+00
2.3832e+11   4.9320e+00
2.3892e+11   4.9350e+00
2.3952e+11   4.9380e+00
2.4012e+11   4.9410e+00
2.4072e+11   4.9440e+00
2.4132e+11   4.9470e+00
2.4193e+11   4.9500e+00
2.4253e+11   4.9530e+00
2.4314e+11   4.9560e+00
2.4375e+11   4.9590e+00
2.4436e+11   4.9620e+00
2.4498e+11   4.9650e+00
2.4559e+11   4.9680e+00
2.4621e+11   4.9710e+00
2.4683e+11   4.9740e+00
2.4745e+11   4.9770e+00
2.4807e+11   4.9800e+00
2.4869e+11   4.9830e+00
2.4932e+11   4.9860e+00
2.4994e+11   4.9890e+00
2.5057e+11   4.9920e+00
2.5120e+11   4.9950e+00
2.5183e+11   4.9980e+00
2.5246e+11   5.0010e+00
2.5310e+11   5.0040e+00
2.5373e+11   5.0070e+00
2.5437e+11   5.0100e+00
2.5501e+11   5.0130e+00
2.5565e+11   5.0160e+00
2.5630e+11   5.0190e+00
2.5694e+11   5.0220e+00
2.5759e+11   5.0250e+00
2.5823e+11   5.0280e+00
2.5888e+11   5.0310e+00
2.5953e+11   5.0340e+00
2.6019e+11   5.0370e+00
2.6084e+11   5.0400e+00
2.6150e+11   5.0430e+00
2.6216e+11   5.0460e+00
2.6282e+11   5.0490e+00
2.6348e+11   5.0520e+00
2.6414e+11   5.0550e+00
2.6481e+11   5.0580e+00
2.6547e+11   5.0610e+00
2.6614e+11   5.0640e+00
2.6681e+11   5.0670e+00
2.6749e+11   5.0700e+00
2.6816e+11   5.0730e+00
2.6884e+11   5.0760e+00
2.6951e+11   5.0790e+00
2.7019e+11   5.0820e+00
2.7087e+11   5.0850e+00
2.7156e+11   5.0880e+00
2.7224e+11   5.0910e+00
2.7293e+11   5.0940e+00
2.7362e+11   5.0970e+00
2.7431e+11   5.1000e+00
2.7500e+11   5.1030e+00
2.7569e+11   5.1060e+00
2.7639e+11   5.1090e+00
2.7708e+11   5.1120e+00
2.7778e+11   5.1150e+00
2.7849e+11   5.1180e+00
2.7919e+11   5.1210e+00
2.7989e+11   5.1240e+00
2.8060e+11   5.1270e+00
2.8131e+11   5.1300e+00
2.8202e+11   5.1330e+00
2.8273e+11   5.1360e+00
2.8345e+11   5.1390e+00
2.8416e+11   5.1420e+00
2.8488e+11   5.1450e+00
2.8560e+11   5.1480e+00
2.8632e+11   5.1510e+00
2.8704e+11   5.1540e+00
2.8777e+11   5.1570e+00
2.8850e+11   5.1600e+00
2.8923e+11   5.1630e+00
2.8996e+11   5.1660e+00
2.9069e+11   5.1690e+00
2.9143e+11   5.1720e+00
2.9216e+11   5.1750e+00
2.9290e+11   5.1780e+00
2.9364e+11   5.1810e+00
2.9439e+11   5.1840e+00
2.9513e+11   5.1870e+00
2.9588e+11   5.1900e+00
2.9663e+11   5.1930e+00
2.9738e+11   5.1960e+00
2.9813e+11   5.1990e+00
2.9889e+11   5.2020e+00
2.9964e+11   5.2050e+00
3.0040e+11   5.2080e+00
3.0116e+11   5.2110e+00
3.0193e+11   5.2140e+00
3.0269e+11   5.2170e+00
3.0346e+11   5.2200e+00
3.0423e+11   5.2230e+00
3.0500e+11   5.2260e+00
3.0577e+11   5.2290e+00
3.0655e+11   5.2320e+00
3.0732e+11   5.2350e+00
3.0810e+11   5.2380e+00
3.0888e+11   5.2410e+00
3.0967e+11   5.2440e+00
3.1045e+11   5.2470e+00
3.1124e+11   5.2500e+00
3.1203e+11   5.2530e+00
3.1282e+11   5.2560e+00
3.1361e+11   5.2590e+00
3.1441e+11   5.2620e+00
3.1521e+11   5.2650e+00
3.1601e+11   5.2680e+00
3.1681e+11   5.2710e+00
3.1762e+11   5.2740e+00
3.1842e+11   5.2770e+00
3.1923e+11   5.2800e+00
3.2004e+11   5.2830e+00
3.2085e+11   5.2860e+00
3.2167e+11   5.2890e+00
3.2249e+11   5.2920e+00
3.2331e+11   5.2950e+00
3.2413e+11   5.2980e+00
3.2495e+11   5.3010e+00
3.2578e+11   5.3040e+00
3.2661e+11   5.3070e+00
3.2744e+11   5.3100e+00
3.2827e+11   5.3130e+00
3.2910e+11   5.3160e+00
3.2994e+11   5.3190e+00
3.3078e+11   5.3220e+00
3.3162e+11   5.3250e+00
3.3246e+11   5.3280e+00
3.3331e+11   5.3310e+00
3.3416e+11   5.3340e+00
3.3501e+11   5.3370e+00
3.3586e+11   5.3400e+00
3.3672e+11   5.3430e+00
3.3757e+11   5.3460e+00
3.3843e+11   5.3490e+00
3.3930e+11   5.3520e+00
3.4016e+11   5.3550e+00
3.4103e+11   5.3580e+00
3.4189e+11   5.3610e+00
3.4277e+11   5.3640e+00
3.4364e+11   5.3670e+00
3.4451e+11   5.3700e+00
3.4539e+11   5.3730e+00
3.4627e+11   5.3760e+00
3.4716e+11   5.3790e+00
3.4804e+11   5.3820e+00
3.4893e+11   5.3850e+00
3.4982e+11   5.3880e+00
3.5071e+11   5.3910e+00
3.5160e+11   5.3940e+00
3.5250e+11   5.3970e+00
3.5340e+11   5.4000e+00
3.5430e+11   5.4030e+00
3.5521e+11   5.4060e+00
3.5611e+11   5.4090e+00
3.5702e+11   5.4120e+00
3.5793e+11   5.4150e+00
3.5885e+11   5.4180e+00
3.5976e+11   5.4210e+00
3.6068e+11   5.4240e+00
3.6160e+11   5.4270e+00
3.6253e+11   5.4300e+00
3.6345e+11   5.4330e+00
3.6438e+11   5.4360e+00
3.6531e+11   5.4390e+00
3.6624e+11   5.4420e+00
3.6718e+11   5.4450e+00
3.6812e+11   5.4480e+00
3.6906e+11   5.4510e+00
3.7000e+11   5.4540e+00
3.7095e+11   5.4570e+00
3.7190e+11   5.4600e+00
3.7285e+11   5.4630e+00
3.7380e+11   5.4660e+00
3.7476e+11   5.4690e+00
3.7572e+11   5.4720e+00
3.7668e+11   5.4750e+00
3.7764e+11   5.4780e+00
3.7861e+11   5.4810e+00
3.7958e+11   5.4840e+00
3.8055e+11   5.4870e+00
3.8152e+11   5.4900e+00
3.8250e+11   5.4930e+00
3.8348e+11   5.4960e+00
3.8446e+11   5.4990e+00
3.8545e+11   5.5020e+00
3.8643e+11   5.5050e+00
3.8742e+11   5.5080e+00
3.8842e+11   5.5110e+00
3.8941e+11   5.5140e+00
3.9041e+11   5.5170e+00
3.9141e+11   5.5200e+00
3.9241e+11   5.5230e+00
3.9342e+11   5.5260e+00
3.9443e+11   5.5290e+00
3.9544e+11   5.5320e+00
3.9645e+11   5.5350e+00
3.9747e+11   5.5380e+00
3.9849e+11   5.5410e+00
3.9951e+11   5.5440e+00
4.0053e+11   5.5470e+00
4.0156e+11   5.5500e+00
4.0259e+11   5.5530e+00
4.0363e+11   5.5560e+00
4.0466e+11   5.5590e+00
4.0570e+11   5.5620e+00
4.0674e+11   5.5650e+00
4.0779e+11   5.5680e+00
4.0883e+11   5.5710e+00
4.0988e+11   5.5740e+00
4.1094e+11   5.5770e+00
4.1199e+11   5.5800e+00
4.1305e+11   5.5830e+00
4.1411e+11   5.5860e+00
4.1518e+11   5.5890e+00
4.1624e+11   5.5920e+00
4.1731e+11   5.5950e+00
4.1838e+11   5.5980e+00
4.1946e+11   5.6010e+00
4.2054e+11   5.6040e+00
4.2162e+11   5.6070e+00
4.2270e+11   5.6100e+00
4.2379e+11   5.6130e+00
4.2488e+11   5.6160e+00
4.2597e+11   5.6190e+00
4.2707e+11   5.6220e+00
4.2817e+11   5.6250e+00
4.2927e+11   5.6280e+00
4.3037e+11   5.6310e+00
4.3148e+11   5.6340e+00
4.3259e+11   5.6370e+00
4.3371e+11   5.6400e+00
4.3482e+11   5.6430e+00
4.3594e+11   5.6460e+00
4.3707e+11   5.6490e+00
4.3819e+11   5.6520e+00
4.3932e+11   5.6550e+00
4.4045e+11   5.6580e+00
4.4159e+11   5.6610e+00
4.4272e+11   5.6640e+00
4.4387e+11   5.6670e+00
4.4501e+11   5.6700e+00
4.4616e+11   5.6730e+00
4.4731e+11   5.6760e+00
4.4846e+11   5.6790e+00
4.4962e+11   5.6820e+00
4.5078e+11   5.6850e+00
4.5194e+11   5.6880e+00
4.5310e+11   5.6910e+00
4.5427e+11   5.6940e+00
4.5545e+11   5.6970e+00
4.5662e+11   5.7000e+00
4.5780e+11   5.7030e+00
4.5898e+11   5.7060e+00
4.6017e+11   5.7090e+00
4.6135e+11   5.7120e+00
4.6254e+11   5.7150e+00
4.6374e+11   5.7180e+00
4.6494e+11   5.7210e+00
4.6614e+11   5.7240e+00
4.6734e+11   5.7270e+00
4.6855e+11   5.7300e+00
4.6976e+11   5.7330e+00
4.7097e+11   5.7360e+00
4.7219e+11   5.7390e+00
4.7341e+11   5.7420e+00
4.7463e+11   5.7450e+00
4.7586e+11   5.7480e+00
4.7709e+11   5.7510e+00
4.7832e+11   5.7540e+00
4.7956e+11   5.7570e+00
4.8080e+11   5.7600e+00
4.8204e+11   5.7630e+00
4.8329e+11   5.7660e+00
4.8454e+11   5.7690e+00
4.8580e+11   5.7720e+00
4.8705e+11   5.7750e+00
4.8831e+11   5.7780e+00
4.8958e+11   5.7810e+00
4.9084e+11   5.7840e+00
4.9211e+11   5.7870e+00
4.9339e+11   5.7900e+00
4.9467e+11   5.7930e+00
4.9595e+11   5.7960e+00
4.9723e+11   5.7990e+00
4.9852e+11   5.8020e+00
4.9981e+11   5.8050e+00
5.0111e+11   5.8080e+00
5.0240e+11   5.8110e+00
5.0371e+11   5.8140e+00
5.0501e+11   5.8170e+00
5.0632e+11   5.8200e+00
5.0763e+11   5.8230e+00
5.0895e+11   5.8260e+00
5.1027e+11   5.8290e+00
5.1159e+11   5.8320e+00
5.1292e+11   5.8350e+00
5.1425e+11   5.8380e+00
5.1558e+11   5.8410e+00
5.1692e+11   5.8440e+00
5.1826e+11   5.8470e+00
5.1961e+11   5.8500e+00
5.2096e+11   5.8530e+00
5.2231e+11   5.8560e+00
5.2366e+11   5.8590e+00
5.2502e+11   5.8620e+00
5.2639e+11   5.8650e+00
5.2775e+11   5.8680e+00
5.2912e+11   5.8710e+00
5.3050e+11   5.8740e+00
5.3188e+11   5.8770e+00
5.3326e+11   5.8800e+00
5.3464e+11   5.8830e+00
5.3603e+11   5.8860e+00
5.3743e+11   5.8890e+00
5.3882e+11   5.8920e+00
5.4022e+11   5.8950e+00
5.4163e+11   5.8980e+00
5.4304e+11   5.9010e+00
5.4445e+11   5.9040e+00
5.4586e+11   5.9070e+00
5.4728e+11   5.9100e+00
5.4871e+11   5.9130e+00
5.5014e+11   5.9160e+00
5.5157e+11   5.9190e+00
5.5300e+11   5.9220e+00
5.5444e+11   5.9250e+00
5.5588e+11   5.9280e+00
5.5733e+11   5.9310e+00
5.5878e+11   5.9340e+00
5.6024e+11   5.9370e+00
5.6170e+11   5.9400e+00
5.6316e+11   5.9430e+00
5.6463e+11   5.9460e+00
5.6610e+11   5.9490e+00
5.6757e+11   5.9520e+00
5.6905e+11   5.9550e+00
5.7053e+11   5.9580e+00
5.7202e+11   5.9610e+00
5.7351e+11   5.9640e+00
5.7500e+11   5.9670e+00
5.7650e+11   5.9700e+00
5.7801e+11   5.9730e+00
5.7951e+11   5.9760e+00
5.8102e+11   5.9790e+00
5.8254e+11   5.9820e+00
5.8406e+11   5.9850e+00
5.8558e+11   5.9880e+00
5.8711e+11   5.9910e+00
5.8864e+11   5.9940e+00
5.9018e+11   5.9970e+00
5.9172e+11   6.0000e+00
5.9326e+11   6.0030e+00
5.9481e+11   6.0060e+00
5.9636e+11   6.0090e+00
5.9792e+11   6.0120e+00
5.9948e+11   6.0150e+00
6.0105e+11   6.0180e+00
6.0262e+11   6.0210e+00
6.0419e+11   6.0240e+00
6.0577e+11   6.0270e+00
6.0735e+11   6.0300e+00
6.0894e+11   6.0330e+00
6.1053e+11   6.0360e+00
6.1213e+11   6.0390e+00
6.1373e+11   6.0420e+00
6.1533e+11   6.0450e+00
6.1694e+11   6.0480e+00
6.1855e+11   6.0510e+00
6.2017e+11   6.0540e+00
6.2179e+11   6.0570e+00
6.2342e+11   6.0600e+00
6.2505e+11   6.0630e+00
6.2669e+11   6.0660e+00
6.2833e+11   6.0690e+00
6.2997e+11   6.0720e+00
6.3162e+11   6.0750e+00
6.3327e+11   6.0780e+00
6.3493e+11   6.0810e+00
6.3659e+11   6.0840e+00
6.3826e+11   6.0870e+00
6.3993e+11   6.0900e+00
6.4161e+11   6.0930e+00
6.4329e+11   6.0960e+00
6.4497e+11   6.0990e+00
6.4666e+11   6.1020e+00
6.4836e+11   6.1050e+00
6.5006e+11   6.1080e+00
6.5176e+11   6.1110e+00
6.5347e+11   6.1140e+00
6.5518e+11   6.1170e+00
6.5690e+11   6.1200e+00
6.5862e+11   6.1230e+00
6.6035e+11   6.1260e+00
6.6208e+11   6.1290e+00
6.6382e+11   6.1320e+00
6.6556e+11   6.1350e+00
6.6730e+11   6.1380e+00
6.6905e+11   6.1410e+00
6.7081e+11   6.1440e+00
6.7257e+11   6.1470e+00
6.7434e+11   6.1500e+00
6.7611e+11   6.1530e+00
6.7788e+11   6.1560e+00
6.7966e+11   6.1590e+00
6.8144e+11   6.1620e+00
6.8323e+11   6.1650e+00
6.8503e+11   6.1680e+00
6.8683e+11   6.1710e+00
6.8863e+11   6.1740e+00
6.9044e+11   6.1770e+00
6.9226e+11   6.1800e+00
6.9407e+11   6.1830e+00
6.9590e+11   6.1860e+00
6.9773e+11   6.1890e+00
6.9956e+11   6.1920e+00
7.0140e+11   6.1950e+00
7.0325e+11   6.1980e+00
7.0510e+11   6.2010e+00
7.0695e+11   6.2040e+00
7.0881e+11   6.2070e+00
7.1067e+11   6.2100e+00
7.1254e+11   6.2130e+00
7.1442e+11   6.2160e+00
7.1630e+11   6.2190e+00
7.1818e+11   6.2220e+00
7.2007e+11   6.2250e+00
7.2197e+11   6.2280e+00
7.2387e+11   6.2310e+00
7.2578e+11   6.2340e+00
7.2769e+11   6.2370e+00
7.2960e+11   6.2400e+00
7.3152e+11   6.2430e+00
7.3345e+11   6.2460e+00
7.3538e+11   6.2490e+00
7.3732e+11   6.2520e+00
7.3926e+11   6.2550e+00
7.4121e+11   6.2580e+00
7.4317e+11   6.2610e+00
7.4512e+11   6.2640e+00
7.4709e+11   6.2670e+00
7.4906e+11   6.2700e+00
7.5103e+11   6.2730e+00
7.5301e+11   6.2760e+00
7.5500e+11   6.2790e+00
7.5699e+11   6.2820e+00
7.5899e+11   6.2850e+00
7.6099e+11   6.2880e+00
7.6300e+11   6.2910e+00
7.6501e+11   6.2940e+00
7.6703e+11   6.2970e+00
7.6906e+11   6.3000e+00
7.7109e+11   6.3030e+00
7.7312e+11   6.3060e+00
7.7516e+11   6.3090e+00
7.7721e+11   6.3120e+00
7.7926e+11   6.3150e+00
7.8132e+11   6.3180e+00
7.8338e+11   6.3210e+00
7.8545e+11   6.3240e+00
7.8753e+11   6.3270e+00
7.8961e+11   6.3300e+00
7.9170e+11   6.3330e+00
7.9379e+11   6.3360e+00
7.9589e+11   6.3390e+00
7.9799e+11   6.3420e+00
8.0010e+11   6.3450e+00
8.0222e+11   6.3480e+00
8.0434e+11   6.3510e+00
8.0647e+11   6.3540e+00
8.0860e+11   6.3570e+00
8.1074e+11   6.3600e+00
8.1288e+11   6.3630e+00
8.1503e+11   6.3660e+00
8.1719e+11   6.3690e+00
8.1935e+11   6.3720e+00
8.2152e+11   6.3750e+00
8.2370e+11   6.3780e+00
8.2588e+11   6.3810e+00
8.2807e+11   6.3840e+00
8.3026e+11   6.3870e+00
8.3246e+11   6.3900e+00
8.3466e+11   6.3930e+00
8.3687e+11   6.3960e+00
8.3909e+11   6.3990e+00
8.4131e+11   6.4020e+00
8.4354e+11   6.4050e+00
8.4578e+11   6.4080e+00
8.4802e+11   6.4110e+00
8.5027e+11   6.4140e+00
8.5252e+11   6.4170e+00
8.5478e+11   6.4200e+00
8.5705e+11   6.4230e+00
8.5932e+11   6.4260e+00
8.6160e+11   6.4290e+00
8.6389e+11   6.4320e+00
8.6618e+11   6.4350e+00
8.6848e+11   6.4380e+00
8.7078e+11   6.4410e+00
8.7309e+11   6.4440e+00
8.7541e+11   6.4470e+00
8.7773e+11   6.4500e+00
8.8006e+11   6.4530e+00
8.8240e+11   6.4560e+00
8.8474e+11   6.4590e+00
8.8709e+11   6.4620e+00
8.8945e+11   6.4650e+00
8.9181e+11   6.4680e+00
8.9418e+11   6.4710e+00
8.9655e+11   6.4740e+00
8.9894e+11   6.4770e+00
9.0133e+11   6.4800e+00
9.0372e+11   6.4830e+00
9.0612e+11   6.4860e+00
9.0853e+11   6.4890e+00
9.1095e+11   6.4920e+00
9.1337e+11   6.4950e+00
9.1580e+11   6.4980e+00
9.1823e+11   6.5010e+00
9.2068e+11   6.5040e+00
9.2312e+11   6.5070e+00
9.2558e+11   6.5100e+00
9.2804e+11   6.5130e+00
9.3051e+11   6.5160e+00
9.3299e+11   6.5190e+00
9.3547e+11   6.5220e+00
9.3796e+11   6.5250e+00
9.4046e+11   6.5280e+00
9.4296e+11   6.5310e+00
9.4547e+11   6.5340e+00
9.4799e+11   6.5370e+00
9.5052e+11   6.5400e+00
9.5305e+11   6.5430e+00
9.5559e+11   6.5460e+00
9.5813e+11   6.5490e+00
9.6068e+11   6.5520e+00
9.6324e+11   6.5550e+00
9.6581e+11   6.5580e+00
9.6839e+11   6.5610e+00
9.7097e+11   6.5640e+00
9.7356e+11   6.5670e+00
9.7615e+11   6.5700e+00
9.7875e+11   6.5730e+00
9.8137e+11   6.5760e+00
9.8398e+11   6.5790e+00
9.8661e+11   6.5820e+00
9.8924e+11   6.5850e+00
9.9188e+11   6.5880e+00
9.9453e+11   6.5910e+00
9.9718e+11   6.5940e+00
9.9984e+11   6.5970e+00
1.0025e+12   6.6000e+00
1.0052e+12   6.6030e+00
1.0079e+12   6.6060e+00
1.0106e+12   6.6090e+00
1.0133e+12   6.6120e+00
1.0160e+12   6.6150e+00
1.0187e+12   6.6180e+00
1.0214e+12   6.6210e+00
1.0241e+12   6.6240e+00
1.0269e+12   6.6270e+00
1.0296e+12   6.6300e+00
1.0324e+12   6.6330e+00
1.0351e+12   6.6360e+00
1.0379e+12   6.6390e+00
1.0407e+12   6.6420e+00
1.0434e+12   6.6450e+00
1.0462e+12   6.6480e+00
1.0490e+12   6.6510e+00
1.0518e+12   6.6540e+00
1.0547e+12   6.6570e+00
1.0575e+12   6.6600e+00
1.0603e+12   6.6630e+00
1.0631e+12   6.6660e+00
1.0660e+12   6.6690e+00
1.0688e+12   6.6720e+00
1.0717e+12   6.6750e+00
1.0746e+12   6.6780e+00
1.0774e+12   6.6810e+00
1.0803e+12   6.6840e+00
1.0832e+12   6.6870e+00
1.0861e+12   6.6900e+00
1.0890e+12   6.6930e+00
1.0919e+12   6.6960e+00
1.0949e+12   6.6990e+00
1.0978e+12   6.7020e+00
1.1007e+12   6.7050e+00
1.1037e+12   6.7080e+00
1.1067e+12   6.7110e+00
1.1096e+12   6.7140e+00
1.1126e+12   6.7170e+00
1.1156e+12   6.7200e+00
1.1186e+12   6.7230e+00
1.1216e+12   6.7260e+00
1.1246e+12   6.7290e+00
1.1276e+12   6.7320e+00
1.1306e+12   6.7350e+00
1.1337e+12   6.7380e+00
1.1367e+12   6.7410e+00
1.1397e+12   6.7440e+00
1.1428e+12   6.7470e+00
1.1459e+12   6.7500e+00
1.1490e+12   6.7530e+00
1.1520e+12   6.7560e+00
1.1551e+12   6.7590e+00
1.1582e+12   6.7620e+00
1.1613e+12   6.7650e+00
1.1645e+12   6.7680e+00
1.1676e+12   6.7710e+00
1.1707e+12   6.7740e+00
1.1739e+12   6.7770e+00
1.1770e+12   6.7800e+00
1.1802e+12   6.7830e+00
1.1834e+12   6.7860e+00
1.1865e+12   6.7890e+00
1.1897e+12   6.7920e+00
1.1929e+12   6.7950e+00
1.1961e+12   6.7980e+00
1.1994e+12   6.8010e+00
1.2026e+12   6.8040e+00
1.2058e+12   6.8070e+00
1.2091e+12   6.8100e+00
1.2123e+12   6.8130e+00
1.2156e+12   6.8160e+00
1.2188e+12   6.8190e+00
1.2221e+12   6.8220e+00
1.2254e+12   6.8250e+00
1.2287e+12   6.8280e+00
1.2320e+12   6.8310e+00
1.2353e+12   6.8340e+00
1.2387e+12   6.8370e+00
1.2420e+12   6.8400e+00
1.2453e+12   6.8430e+00
1.2487e+12   6.8460e+00
1.2521e+12   6.8490e+00
1.2554e+12   6.8520e+00
1.2588e+12   6.8550e+00
1.2622e+12   6.8580e+00
1.2656e+12   6.8610e+00
1.2690e+12   6.8640e+00
1.2724e+12   6.8670e+00
1.2759e+12   6.8700e+00
1.2793e+12   6.8730e+00
1.2828e+12   6.8760e+00
1.2862e+12   6.8790e+00
1.2897e+12   6.8820e+00
1.2932e+12   6.8850e+00
1.2967e+12   6.8880e+00
1.3002e+12   6.8910e+00
1.3037e+12   6.8940e+00
1.3072e+12   6.8970e+00
1.3107e+12   6.9000e+00
1.3142e+12   6.9030e+00
1.3178e+12   6.9060e+00
1.3214e+12   6.9090e+00
1.3249e+12   6.9120e+00
1.3285e+12   6.9150e+00
1.3321e+12   6.9180e+00
1.3357e+12   6.9210e+00
1.3393e+12   6.9240e+00
1.3429e+12   6.9270e+00
1.3465e+12   6.9300e+00
1.3502e+12   6.9330e+00
1.3538e+12   6.9360e+00
1.3575e+12   6.9390e+00
1.3612e+12   6.9420e+00
1.3648e+12   6.9450e+00
1.3685e+12   6.9480e+00
1.3722e+12   6.9510e+00
1.3759e+12   6.9540e+00
1.3797e+12   6.9570e+00
1.3834e+12   6.9600e+00
1.3871e+12   6.9630e+00
1.3909e+12   6.9660e+00
1.3946e+12   6.9690e+00
1.3984e+12   6.9720e+00
1.4022e+12   6.9750e+00
1.4060e+12   6.9780e+00
1.4098e+12   6.9810e+00
1.4136e+12   6.9840e+00
1.4174e+12   6.9870e+00
1.4213e+12   6.9900e+00
1.4251e+12   6.9930e+00
1.4290e+12   6.9960e+00
1.4329e+12   6.9990e+00
1.4367e+12   7.0020e+00
1.4406e+12   7.0050e+00
1.4445e+12   7.0080e+00
1.4485e+12   7.0110e+00
1.4524e+12   7.0140e+00
1.4563e+12   7.0170e+00
1.4603e+12   7.0200e+00
1.4642e+12   7.0230e+00
1.4682e+12   7.0260e+00
1.4722e+12   7.0290e+00
1.4762e+12   7.0320e+00
1.4802e+12   7.0350e+00
1.4842e+12   7.0380e+00
1.4882e+12   7.0410e+00
1.4923e+12   7.0440e+00
1.4963e+12   7.0470e+00
1.5004e+12   7.0500e+00
1.5044e+12   7.0530e+00
1.5085e+12   7.0560e+00
1.5126e+12   7.0590e+00
1.5167e+12   7.0620e+00
1.5208e+12   7.0650e+00
1.5250e+12   7.0680e+00
1.5291e+12   7.0710e+00
1.5333e+12   7.0740e+00
1.5374e+12   7.0770e+00
1.5416e+12   7.0800e+00
1.5458e+12   7.0830e+00
1.5500e+12   7.0860e+00
1.5542e+12   7.0890e+00
1.5584e+12   7.0920e+00
1.5627e+12   7.0950e+00
1.5669e+12   7.0980e+00
1.5712e+12   7.1010e+00
1.5754e+12   7.1040e+00
1.5797e+12   7.1070e+00
1.5840e+12   7.1100e+00
1.5883e+12   7.1130e+00
1.5926e+12   7.1160e+00
1.5970e+12   7.1190e+00
1.6013e+12   7.1220e+00
1.6057e+12   7.1250e+00
1.6101e+12   7.1280e+00
1.6144e+12   7.1310e+00
1.6188e+12   7.1340e+00
1.6232e+12   7.1370e+00
1.6277e+12   7.1400e+00
1.6321e+12   7.1430e+00
1.6365e+12   7.1460e+00
1.6410e+12   7.1490e+00
1.6455e+12   7.1520e+00
1.6499e+12   7.1550e+00
1.6544e+12   7.1580e+00
1.6589e+12   7.1610e+00
1.6635e+12   7.1640e+00
1.6680e+12   7.1670e+00
1.6725e+12   7.1700e+00
1.6771e+12   7.1730e+00
1.6817e+12   7.1760e+00
1.6863e+12   7.1790e+00
1.6909e+12   7.1820e+00
1.6955e+12   7.1850e+00
1.7001e+12   7.1880e+00
1.7047e+12   7.1910e+00
1.7094e+12   7.1940e+00
1.7140e+12   7.1970e+00
1.7187e+12   7.2000e+00
1.7234e+12   7.2030e+00
1.7281e+12   7.2060e+00
1.7328e+12   7.2090e+00
1.7375e+12   7.2120e+00
1.7423e+12   7.2150e+00
1.7470e+12   7.2180e+00
1.7518e+12   7.2210e+00
1.7566e+12   7.2240e+00
1.7614e+12   7.2270e+00
1.7662e+12   7.2300e+00
1.7710e+12   7.2330e+00
1.7759e+12   7.2360e+00
1.7807e+12   7.2390e+00
1.7856e+12   7.2420e+00
1.7905e+12   7.2450e+00
1.7954e+12   7.2480e+00
1.8003e+12   7.2510e+00
1.8052e+12   7.2540e+00
1.8101e+12   7.2570e+00
1.8151e+12   7.2600e+00
1.8200e+12   7.2630e+00
1.8250e+12   7.2660e+00
1.8300e+12   7.2690e+00
1.8350e+12   7.2720e+00
1.8400e+12   7.2750e+00
1.8451e+12   7.2780e+00
1.8501e+12   7.2810e+00
1.8552e+12   7.2840e+00
1.8603e+12   7.2870e+00
1.8653e+12   7.2900e+00
1.8704e+12   7.2930e+00
1.8756e+12   7.2960e+00
1.8807e+12   7.2990e+00
1.8859e+12   7.3020e+00
1.8910e+12   7.3050e+00
1.8962e+12   7.3080e+00
1.9014e+12   7.3110e+00
1.9066e+12   7.3140e+00
1.9118e+12   7.3170e+00
1.9171e+12   7.3200e+00
1.9223e+12   7.3230e+00
1.9276e+12   7.3260e+00
1.9329e+12   7.3290e+00
1.9382e+12   7.3320e+00
1.9435e+12   7.3350e+00
1.9488e+12   7.3380e+00
1.9541e+12   7.3410e+00
1.9595e+12   7.3440e+00
1.9649e+12   7.3470e+00
1.9703e+12   7.3500e+00
1.9757e+12   7.3530e+00
1.9811e+12   7.3560e+00
1.9865e+12   7.3590e+00
1.9920e+12   7.3620e+00
1.9974e+12   7.3650e+00
2.0029e+12   7.3680e+00
2.0084e+12   7.3710e+00
2.0139e+12   7.3740e+00
2.0195e+12   7.3770e+00
2.0250e+12   7.3800e+00
2.0306e+12   7.3830e+00
2.0361e+12   7.3860e+00
2.0417e+12   7.3890e+00
2.0473e+12   7.3920e+00
2.0530e+12   7.3950e+00
2.0586e+12   7.3980e+00
2.0643e+12   7.4010e+00
2.0699e+12   7.4040e+00
2.0756e+12   7.4070e+00
2.0813e+12   7.4100e+00
2.0870e+12   7.4130e+00
2.0928e+12   7.4160e+00
2.0985e+12   7.4190e+00
2.1043e+12   7.4220e+00
2.1101e+12   7.4250e+00
2.1159e+12   7.4280e+00
2.1217e+12   7.4310e+00
2.1276e+12   7.4340e+00
2.1334e+12   7.4370e+00
2.1393e+12   7.4400e+00
2.1452e+12   7.4430e+00
2.1511e+12   7.4460e+00
2.1570e+12   7.4490e+00
2.1629e+12   7.4520e+00
2.1689e+12   7.4550e+00
2.1748e+12   7.4580e+00
2.1808e+12   7.4610e+00
2.1868e+12   7.4640e+00
2.1929e+12   7.4670e+00
2.1989e+12   7.4700e+00
2.2050e+12   7.4730e+00
2.2110e+12   7.4760e+00
2.2171e+12   7.4790e+00
2.2232e+12   7.4820e+00
2.2294e+12   7.4850e+00
2.2355e+12   7.4880e+00
2.2417e+12   7.4910e+00
2.2478e+12   7.4940e+00
2.2540e+12   7.4970e+00
2.2603e+12   7.5000e+00
2.2665e+12   7.5030e+00
2.2727e+12   7.5060e+00
2.2790e+12   7.5090e+00
2.2853e+12   7.5120e+00
2.2916e+12   7.5150e+00
2.2979e+12   7.5180e+00
2.3043e+12   7.5210e+00
2.3106e+12   7.5240e+00
2.3170e+12   7.5270e+00
2.3234e+12   7.5300e+00
2.3298e+12   7.5330e+00
2.3362e+12   7.5360e+00
2.3427e+12   7.5390e+00
2.3491e+12   7.5420e+00
2.3556e+12   7.5450e+00
2.3621e+12   7.5480e+00
2.3687e+12   7.5510e+00
2.3752e+12   7.5540e+00
2.3818e+12   7.5570e+00
2.3883e+12   7.5600e+00
2.3949e+12   7.5630e+00
2.4016e+12   7.5660e+00
2.4082e+12   7.5690e+00
2.4148e+12   7.5720e+00
2.4215e+12   7.5750e+00
2.4282e+12   7.5780e+00
2.4349e+12   7.5810e+00
2.4417e+12   7.5840e+00
2.4484e+12   7.5870e+00
2.4552e+12   7.5900e+00
2.4620e+12   7.5930e+00
2.4688e+12   7.5960e+00
2.4756e+12   7.5990e+00
2.4825e+12   7.6020e+00
2.4893e+12   7.6050e+00
2.4962e+12   7.6080e+00
2.5031e+12   7.6110e+00
2.5100e+12   7.6140e+00
2.5170e+12   7.6170e+00
2.5240e+12   7.6200e+00
2.5309e+12   7.6230e+00
2.5380e+12   7.6260e+00
2.5450e+12   7.6290e+00
2.5520e+12   7.6320e+00
2.5591e+12   7.6350e+00
2.5662e+12   7.6380e+00
2.5733e+12   7.6410e+00
2.5804e+12   7.6440e+00
2.5876e+12   7.6470e+00
2.5947e+12   7.6500e+00
2.6019e+12   7.6530e+00
2.6091e+12   7.6560e+00
2.6164e+12   7.6590e+00
2.6236e+12   7.6620e+00
2.6309e+12   7.6650e+00
2.6382e+12   7.6680e+00
2.6455e+12   7.6710e+00
2.6529e+12   7.6740e+00
2.6602e+12   7.6770e+00
2.6676e+12   7.6800e+00
2.6750e+12   7.6830e+00
2.6824e+12   7.6860e+00
2.6898e+12   7.6890e+00
2.6973e+12   7.6920e+00
2.7048e+12   7.6950e+00
2.7123e+12   7.6980e+00
2.7198e+12   7.7010e+00
2.7274e+12   7.7040e+00
2.7350e+12   7.7070e+00
2.7425e+12   7.7100e+00
2.7502e+12   7.7130e+00
2.7578e+12   7.7160e+00
2.7655e+12   7.7190e+00
2.7731e+12   7.7220e+00
2.7808e+12   7.7250e+00
2.7886e+12   7.7280e+00
2.7963e+12   7.7310e+00
2.8041e+12   7.7340e+00
2.8119e+12   7.7370e+00
2.8197e+12   7.7400e+00
2.8275e+12   7.7430e+00
2.8354e+12   7.7460e+00
2.8433e+12   7.7490e+00
2.8512e+12   7.7520e+00
2.8591e+12   7.7550e+00
2.8671e+12   7.7580e+00
2.8750e+12   7.7610e+00
2.8830e+12   7.7640e+00
2.8910e+12   7.7670e+00
2.8991e+12   7.7700e+00
2.9072e+12   7.7730e+00
2.9152e+12   7.7760e+00
2.9234e+12   7.7790e+00
2.9315e+12   7.7820e+00
2.9396e+12   7.7850e+00
2.9478e+12   7.7880e+00
2.9560e+12   7.7910e+00
2.9643e+12   7.7940e+00
2.9725e+12   7.7970e+00
2.9808e+12   7.8000e+00
2.9891e+12   7.8030e+00
2.9974e+12   7.8060e+00
3.0058e+12   7.8090e+00
3.0141e+12   7.8120e+00
3.0225e+12   7.8150e+00
3.0310e+12   7.8180e+00
3.0394e+12   7.8210e+00
3.0479e+12   7.8240e+00
3.0564e+12   7.8270e+00
3.0649e+12   7.8300e+00
3.0734e+12   7.8330e+00
3.0820e+12   7.8360e+00
3.0906e+12   7.8390e+00
3.0992e+12   7.8420e+00
3.1079e+12   7.8450e+00
3.1165e+12   7.8480e+00
3.1252e+12   7.8510e+00
3.1339e+12   7.8540e+00
3.1427e+12   7.8570e+00
3.1514e+12   7.8600e+00
3.1602e+12   7.8630e+00
3.1691e+12   7.8660e+00
3.1779e+12   7.8690e+00
3.1868e+12   7.8720e+00
3.1957e+12   7.8750e+00
3.2046e+12   7.8780e+00
3.2135e+12   7.8810e+00
3.2225e+12   7.8840e+00
3.2315e+12   7.8870e+00
3.2405e+12   7.8900e+00
3.2496e+12   7.8930e+00
3.2587e+12   7.8960e+00
3.2678e+12   7.8990e+00
3.2769e+12   7.9020e+00
3.2860e+12   7.9050e+00
3.2952e+12   7.9080e+00
3.3044e+12   7.9110e+00
3.3137e+12   7.9140e+00
3.3229e+12   7.9170e+00
3.3322e+12   7.9200e+00
3.3415e+12   7.9230e+00
3.3509e+12   7.9260e+00
3.3602e+12   7.9290e+00
3.3696e+12   7.9320e+00
3.3791e+12   7.9350e+00
3.3885e+12   7.9380e+00
3.3980e+12   7.9410e+00
3.4075e+12   7.9440e+00
3.4170e+12   7.9470e+00
3.4266e+12   7.9500e+00
3.4362e+12   7.9530e+00
3.4458e+12   7.9560e+00
3.4554e+12   7.9590e+00
3.4651e+12   7.9620e+00
3.4748e+12   7.9650e+00
3.4845e+12   7.9680e+00
3.4943e+12   7.9710e+00
3.5041e+12   7.9740e+00
3.5139e+12   7.9770e+00
3.5237e+12   7.9800e+00
3.5336e+12   7.9830e+00
3.5435e+12   7.9860e+00
3.5534e+12   7.9890e+00
3.5634e+12   7.9920e+00
3.5734e+12   7.9950e+00
3.5834e+12   7.9980e+00
3.5934e+12   8.0010e+00
3.6035e+12   8.0040e+00
3.6136e+12   8.0070e+00
3.6237e+12   8.0100e+00
3.6339e+12   8.0130e+00
3.6441e+12   8.0160e+00
3.6543e+12   8.0190e+00
3.6645e+12   8.0220e+00
3.6748e+12   8.0250e+00
3.6851e+12   8.0280e+00
3.6954e+12   8.0310e+00
3.7058e+12   8.0340e+00
3.7162e+12   8.0370e+00
3.7266e+12   8.0400e+00
3.7371e+12   8.0430e+00
3.7476e+12   8.0460e+00
3.7581e+12   8.0490e+00
3.7686e+12   8.0520e+00
3.7792e+12   8.0550e+00
3.7898e+12   8.0580e+00
3.8005e+12   8.0610e+00
3.8111e+12   8.0640e+00
3.8218e+12   8.0670e+00
3.8326e+12   8.0700e+00
3.8433e+12   8.0730e+00
3.8541e+12   8.0760e+00
3.8649e+12   8.0790e+00
3.8758e+12   8.0820e+00
3.8867e+12   8.0850e+00
3.8976e+12   8.0880e+00
3.9086e+12   8.0910e+00
3.9195e+12   8.0940e+00
3.9306e+12   8.0970e+00
3.9416e+12   8.1000e+00
3.9527e+12   8.1030e+00
3.9638e+12   8.1060e+00
3.9749e+12   8.1090e+00
3.9861e+12   8.1120e+00
3.9973e+12   8.1150e+00
4.0086e+12   8.1180e+00
4.0198e+12   8.1210e+00
4.0312e+12   8.1240e+00
4.0425e+12   8.1270e+00
4.0539e+12   8.1300e+00
4.0653e+12   8.1330e+00
4.0767e+12   8.1360e+00
4.0882e+12   8.1390e+00
4.0997e+12   8.1420e+00
4.1112e+12   8.1450e+00
4.1228e+12   8.1480e+00
4.1344e+12   8.1510e+00
4.1460e+12   8.1540e+00
4.1577e+12   8.1570e+00
4.1694e+12   8.1600e+00
4.1812e+12   8.1630e+00
4.1929e+12   8.1660e+00
4.2047e+12   8.1690e+00
4.2166e+12   8.1720e+00
4.2285e+12   8.1750e+00
4.2404e+12   8.1780e+00
4.2523e+12   8.1810e+00
4.2643e+12   8.1840e+00
4.2763e+12   8.1870e+00
4.2884e+12   8.1900e+00
4.3005e+12   8.1930e+00
4.3126e+12   8.1960e+00
4.3247e+12   8.1990e+00
4.3369e+12   8.2020e+00
4.3492e+12   8.2050e+00
4.3614e+12   8.2080e+00
4.3737e+12   8.2110e+00
4.3860e+12   8.2140e+00
4.3984e+12   8.2170e+00
4.4108e+12   8.2200e+00
4.4233e+12   8.2230e+00
4.4357e+12   8.2260e+00
4.4483e+12   8.2290e+00
4.4608e+12   8.2320e+00
4.4734e+12   8.2350e+00
4.4860e+12   8.2380e+00
4.4987e+12   8.2410e+00
4.5114e+12   8.2440e+00
4.5241e+12   8.2470e+00
4.5369e+12   8.2500e+00
4.5497e+12   8.2530e+00
4.5625e+12   8.2560e+00
4.5754e+12   8.2590e+00
4.5883e+12   8.2620e+00
4.6013e+12   8.2650e+00
4.6143e+12   8.2680e+00
4.6273e+12   8.2710e+00
4.6404e+12   8.2740e+00
4.6535e+12   8.2770e+00
4.6667e+12   8.2800e+00
4.6798e+12   8.2830e+00
4.6931e+12   8.2860e+00
4.7063e+12   8.2890e+00
4.7196e+12   8.2920e+00
4.7330e+12   8.2950e+00
4.7463e+12   8.2980e+00
4.7598e+12   8.3010e+00
4.7732e+12   8.3040e+00
4.7867e+12   8.3070e+00
4.8003e+12   8.3100e+00
4.8138e+12   8.3130e+00
4.8274e+12   8.3160e+00
4.8411e+12   8.3190e+00
4.8548e+12   8.3220e+00
4.8685e+12   8.3250e+00
4.8823e+12   8.3280e+00
4.8961e+12   8.3310e+00
4.9100e+12   8.3340e+00
4.9239e+12   8.3370e+00
4.9378e+12   8.3400e+00
4.9518e+12   8.3430e+00
4.9658e+12   8.3460e+00
4.9798e+12   8.3490e+00
4.9939e+12   8.3520e+00
5.0081e+12   8.3550e+00
5.0223e+12   8.3580e+00
5.0365e+12   8.3610e+00
5.0507e+12   8.3640e+00
5.0650e+12   8.3670e+00
5.0794e+12   8.3700e+00
5.0938e+12   8.3730e+00
5.1082e+12   8.3760e+00
5.1227e+12   8.3790e+00
5.1372e+12   8.3820e+00
5.1517e+12   8.3850e+00
5.1663e+12   8.3880e+00
5.1810e+12   8.3910e+00
5.1957e+12   8.3940e+00
5.2104e+12   8.3970e+00
5.2252e+12   8.4000e+00
5.2400e+12   8.4030e+00
5.2548e+12   8.4060e+00
5.2697e+12   8.4090e+00
5.2847e+12   8.4120e+00
5.2997e+12   8.4150e+00
5.3147e+12   8.4180e+00
5.3298e+12   8.4210e+00
5.3449e+12   8.4240e+00
5.3600e+12   8.4270e+00
5.3752e+12   8.4300e+00
5.3905e+12   8.4330e+00
5.4058e+12   8.4360e+00
5.4211e+12   8.4390e+00
5.4365e+12   8.4420e+00
5.4519e+12   8.4450e+00
5.4674e+12   8.4480e+00
5.4829e+12   8.4510e+00
5.4985e+12   8.4540e+00
5.5141e+12   8.4570e+00
5.5297e+12   8.4600e+00
5.5454e+12   8.4630e+00
5.5612e+12   8.4660e+00
5.5770e+12   8.4690e+00
5.5928e+12   8.4720e+00
5.6087e+12   8.4750e+00
5.6246e+12   8.4780e+00
5.6406e+12   8.4810e+00
5.6566e+12   8.4840e+00
5.6727e+12   8.4870e+00
5.6888e+12   8.4900e+00
5.7050e+12   8.4930e+00
5.7212e+12   8.4960e+00
5.7375e+12   8.4990e+00
5.7538e+12   8.5020e+00
5.7701e+12   8.5050e+00
5.7865e+12   8.5080e+00
5.8030e+12   8.5110e+00
5.8195e+12   8.5140e+00
5.8360e+12   8.5170e+00
5.8526e+12   8.5200e+00
5.8692e+12   8.5230e+00
5.8859e+12   8.5260e+00
5.9027e+12   8.5290e+00
5.9195e+12   8.5320e+00
5.9363e+12   8.5350e+00
5.9532e+12   8.5380e+00
5.9701e+12   8.5410e+00
5.9871e+12   8.5440e+00
6.0041e+12   8.5470e+00
6.0212e+12   8.5500e+00
6.0384e+12   8.5530e+00
6.0555e+12   8.5560e+00
6.0728e+12   8.5590e+00
6.0901e+12   8.5620e+00
6.1074e+12   8.5650e+00
6.1248e+12   8.5680e+00
6.1422e+12   8.5710e+00
6.1597e+12   8.5740e+00
6.1772e+12   8.5770e+00
6.1948e+12   8.5800e+00
6.2125e+12   8.5830e+00
6.2302e+12   8.5860e+00
6.2479e+12   8.5890e+00
6.2657e+12   8.5920e+00
6.2835e+12   8.5950e+00
6.3014e+12   8.5980e+00
6.3194e+12   8.6010e+00
6.3374e+12   8.6040e+00
6.3555e+12   8.6070e+00
6.3736e+12   8.6100e+00
6.3917e+12   8.6130e+00
6.4099e+12   8.6160e+00
6.4282e+12   8.6190e+00
6.4465e+12   8.6220e+00
6.4649e+12   8.6250e+00
6.4833e+12   8.6280e+00
6.5018e+12   8.6310e+00
6.5204e+12   8.6340e+00
6.5389e+12   8.6370e+00
6.5576e+12   8.6400e+00
6.5763e+12   8.6430e+00
6.5950e+12   8.6460e+00
6.6139e+12   8.6490e+00
6.6327e+12   8.6520e+00
6.6516e+12   8.6550e+00
6.6706e+12   8.6580e+00
6.6896e+12   8.6610e+00
6.7087e+12   8.6640e+00
6.7279e+12   8.6670e+00
6.7471e+12   8.6700e+00
6.7663e+12   8.6730e+00
6.7856e+12   8.6760e+00
6.8050e+12   8.6790e+00
6.8244e+12   8.6820e+00
6.8439e+12   8.6850e+00
6.8634e+12   8.6880e+00
6.8830e+12   8.6910e+00
6.9027e+12   8.6940e+00
6.9224e+12   8.6970e+00
6.9421e+12   8.7000e+00
6.9620e+12   8.7030e+00
6.9818e+12   8.7060e+00
7.0018e+12   8.7090e+00
7.0218e+12   8.7120e+00
7.0418e+12   8.7150e+00
7.0619e+12   8.7180e+00
7.0821e+12   8.7210e+00
7.1024e+12   8.7240e+00
7.1226e+12   8.7270e+00
7.1430e+12   8.7300e+00
7.1634e+12   8.7330e+00
7.1839e+12   8.7360e+00
7.2044e+12   8.7390e+00
7.2250e+12   8.7420e+00
7.2456e+12   8.7450e+00
7.2663e+12   8.7480e+00
7.2871e+12   8.7510e+00
7.3079e+12   8.7540e+00
7.3288e+12   8.7570e+00
7.3498e+12   8.7600e+00
7.3708e+12   8.7630e+00
7.3919e+12   8.7660e+00
7.4130e+12   8.7690e+00
7.4342e+12   8.7720e+00
7.4555e+12   8.7750e+00
7.4768e+12   8.7780e+00
7.4982e+12   8.7810e+00
7.5196e+12   8.7840e+00
7.5411e+12   8.7870e+00
7.5627e+12   8.7900e+00
7.5843e+12   8.7930e+00
7.6060e+12   8.7960e+00
7.6278e+12   8.7990e+00
7.6496e+12   8.8020e+00
7.6715e+12   8.8050e+00
7.6935e+12   8.8080e+00
7.7155e+12   8.8110e+00
7.7376e+12   8.8140e+00
7.7597e+12   8.8170e+00
7.7819e+12   8.8200e+00
7.8042e+12   8.8230e+00
7.8265e+12   8.8260e+00
7.8490e+12   8.8290e+00
7.8714e+12   8.8320e+00
7.8940e+12   8.8350e+00
7.9166e+12   8.8380e+00
7.9392e+12   8.8410e+00
7.9620e+12   8.8440e+00
7.9848e+12   8.8470e+00
8.0076e+12   8.8500e+00
8.0306e+12   8.8530e+00
8.0536e+12   8.8560e+00
8.0766e+12   8.8590e+00
8.0998e+12   8.8620e+00
8.1230e+12   8.8650e+00
8.1463e+12   8.8680e+00
8.1696e+12   8.8710e+00
8.1930e+12   8.8740e+00
8.2165e+12   8.8770e+00
8.2400e+12   8.8800e+00
8.2636e+12   8.8830e+00
8.2873e+12   8.8860e+00
8.3111e+12   8.8890e+00
8.3349e+12   8.8920e+00
8.3588e+12   8.8950e+00
8.3828e+12   8.8980e+00
8.4068e+12   8.9010e+00
8.4309e+12   8.9040e+00
8.4551e+12   8.9070e+00
8.4793e+12   8.9100e+00
8.5036e+12   8.9130e+00
8.5280e+12   8.9160e+00
8.5525e+12   8.9190e+00
8.5770e+12   8.9220e+00
8.6016e+12   8.9250e+00
8.6263e+12   8.9280e+00
8.6510e+12   8.9310e+00
8.6758e+12   8.9340e+00
8.7007e+12   8.9370e+00
8.7257e+12   8.9400e+00
8.7507e+12   8.9430e+00
8.7758e+12   8.9460e+00
8.8010e+12   8.9490e+00
8.8262e+12   8.9520e+00
8.8515e+12   8.9550e+00
8.8769e+12   8.9580e+00
8.9024e+12   8.9610e+00
8.9280e+12   8.9640e+00
8.9536e+12   8.9670e+00
8.9793e+12   8.9700e+00
9.0051e+12   8.9730e+00
9.0309e+12   8.9760e+00
9.0568e+12   8.9790e+00
9.0828e+12   8.9820e+00
9.1089e+12   8.9850e+00
9.1351e+12   8.9880e+00
9.1613e+12   8.9910e+00
9.1876e+12   8.9940e+00
9.2140e+12   8.9970e+00
9.2404e+12   9.0000e+00
9.2670e+12   9.0030e+00
9.2936e+12   9.0060e+00
9.3203e+12   9.0090e+00
9.3470e+12   9.0120e+00
9.3739e+12   9.0150e+00
9.4008e+12   9.0180e+00
9.4278e+12   9.0210e+00
9.4549e+12   9.0240e+00
9.4821e+12   9.0270e+00
9.5093e+12   9.0300e+00
9.5366e+12   9.0330e+00
9.5640e+12   9.0360e+00
9.5915e+12   9.0390e+00
9.6191e+12   9.0420e+00
9.6467e+12   9.0450e+00
9.6744e+12   9.0480e+00
9.7022e+12   9.0510e+00
9.7301e+12   9.0540e+00
9.7581e+12   9.0570e+00
9.7861e+12   9.0600e+00
9.8142e+12   9.0630e+00
9.8425e+12   9.0660e+00
9.8707e+12   9.0690e+00
9.8991e+12   9.0720e+00
9.9276e+12   9.0750e+00
9.9561e+12   9.0780e+00
9.9847e+12   9.0810e+00
1.0013e+13   9.0840e+00
1.0042e+13   9.0870e+00
1.0071e+13   9.0900e+00
1.0100e+13   9.0930e+00
1.0129e+13   9.0960e+00
1.0158e+13   9.0990e+00
1.0187e+13   9.1020e+00
1.0217e+13   9.1050e+00
1.0246e+13   9.1080e+00
1.0276e+13   9.1110e+00
1.0305e+13   9.1140e+00
1.0335e+13   9.1170e+00
1.0365e+13   9.1200e+00
1.0394e+13   9.1230e+00
1.0424e+13   9.1260e+00
1.0454e+13   9.1290e+00
1.0484e+13   9.1320e+00
1.0514e+13   9.1350e+00
1.0545e+13   9.1380e+00
1.0575e+13   9.1410e+00
1.0605e+13   9.1440e+00
1.0636e+13   9.1470e+00
1.0667e+13   9.1500e+00
1.0697e+13   9.1530e+00
1.0728e+13   9.1560e+00
1.0759e+13   9.1590e+00
1.0790e+13   9.1620e+00
1.0821e+13   9.1650e+00
1.0852e+13   9.1680e+00
1.0883e+13   9.1710e+00
1.0915e+13   9.1740e+00
1.0946e+13   9.1770e+00
1.0978e+13   9.1800e+00
1.1009e+13   9.1830e+00
1.1041e+13   9.1860e+00
1.1073e+13   9.1890e+00
1.1105e+13   9.1920e+00
1.1137e+13   9.1950e+00
1.1169e+13   9.1980e+00
1.1201e+13   9.2010e+00
1.1233e+13   9.2040e+00
1.1265e+13   9.2070e+00
1.1298e+13   9.2100e+00
1.1330e+13   9.2130e+00
1.1363e+13   9.2160e+00
1.1396e+13   9.2190e+00
1.1429e+13   9.2220e+00
1.1461e+13   9.2250e+00
1.1494e+13   9.2280e+00
1.1528e+13   9.2310e+00
1.1561e+13   9.2340e+00
1.1594e+13   9.2370e+00
1.1627e+13   9.2400e+00
1.1661e+13   9.2430e+00
1.1695e+13   9.2460e+00
1.1728e+13   9.2490e+00
1.1762e+13   9.2520e+00
1.1796e+13   9.2550e+00
1.1830e+13   9.2580e+00
1.1864e+13   9.2610e+00
1.1898e+13   9.2640e+00
1.1932e+13   9.2670e+00
1.1967e+13   9.2700e+00
1.2001e+13   9.2730e+00
1.2036e+13   9.2760e+00
1.2070e+13   9.2790e+00
1.2105e+13   9.2820e+00
1.2140e+13   9.2850e+00
1.2175e+13   9.2880e+00
1.2210e+13   9.2910e+00
1.2245e+13   9.2940e+00
1.2281e+13   9.2970e+00
1.2316e+13   9.3000e+00
1.2352e+13   9.3030e+00
1.2387e+13   9.3060e+00
1.2423e+13   9.3090e+00
1.2459e+13   9.3120e+00
1.2495e+13   9.3150e+00
1.2531e+13   9.3180e+00
1.2567e+13   9.3210e+00
1.2603e+13   9.3240e+00
1.2639e+13   9.3270e+00
1.2676e+13   9.3300e+00
1.2712e+13   9.3330e+00
1.2749e+13   9.3360e+00
1.2786e+13   9.3390e+00
1.2822e+13   9.3420e+00
1.2859e+13   9.3450e+00
1.2897e+13   9.3480e+00
1.2934e+13   9.3510e+00
1.2971e+13   9.3540e+00
1.3008e+13   9.3570e+00
1.3046e+13   9.3600e+00
1.3083e+13   9.3630e+00
1.3121e+13   9.3660e+00
1.3159e+13   9.3690e+00
1.3197e+13   9.3720e+00
1.3235e+13   9.3750e+00
1.3273e+13   9.3780e+00
1.3311e+13   9.3810e+00
1.3350e+13   9.3840e+00
1.3388e+13   9.3870e+00
1.3427e+13   9.3900e+00
1.3466e+13   9.3930e+00
1.3504e+13   9.3960e+00
1.3543e+13   9.3990e+00
1.3582e+13   9.4020e+00
1.3622e+13   9.4050e+00
1.3661e+13   9.4080e+00
1.3700e+13   9.4110e+00
1.3740e+13   9.4140e+00
1.3779e+13   9.4170e+00
1.3819e+13   9.4200e+00
1.3859e+13   9.4230e+00
1.3899e+13   9.4260e+00
1.3939e+13   9.4290e+00
1.3979e+13   9.4320e+00
1.4020e+13   9.4350e+00
1.4060e+13   9.4380e+00
1.4101e+13   9.4410e+00
1.4141e+13   9.4440e+00
1.4182e+13   9.4470e+00
1.4223e+13   9.4500e+00
1.4264e+13   9.4530e+00
1.4305e+13   9.4560e+00
1.4346e+13   9.4590e+00
1.4388e+13   9.4620e+00
1.4429e+13   9.4650e+00
1.4471e+13   9.4680e+00
1.4513e+13   9.4710e+00
1.4554e+13   9.4740e+00
1.4596e+13   9.4770e+00
1.4638e+13   9.4800e+00
1.4681e+13   9.4830e+00
1.4723e+13   9.4860e+00
1.4765e+13   9.4890e+00
1.4808e+13   9.4920e+00
1.4851e+13   9.4950e+00
1.4894e+13   9.4980e+00
1.4937e+13   9.5010e+00
1.4980e+13   9.5040e+00
1.5023e+13   9.5070e+00
1.5066e+13   9.5100e+00
1.5110e+13   9.5130e+00
1.5153e+13   9.5160e+00
1.5197e+13   9.5190e+00
1.5241e+13   9.5220e+00
1.5285e+13   9.5250e+00
1.5329e+13   9.5280e+00
1.5373e+13   9.5310e+00
1.5417e+13   9.5340e+00
1.5462e+13   9.5370e+00
1.5506e+13   9.5400e+00
1.5551e+13   9.5430e+00
1.5596e+13   9.5460e+00
1.5641e+13   9.5490e+00
1.5686e+13   9.5520e+00
1.5731e+13   9.5550e+00
1.5777e+13   9.5580e+00
1.5822e+13   9.5610e+00
1.5868e+13   9.5640e+00
1.5914e+13   9.5670e+00
1.5959e+13   9.5700e+00
1.6005e+13   9.5730e+00
1.6052e+13   9.5760e+00
1.6098e+13   9.5790e+00
1.6144e+13   9.5820e+00
1.6191e+13   9.5850e+00
1.6238e+13   9.5880e+00
1.6284e+13   9.5910e+00
1.6331e+13   9.5940e+00
1.6379e+13   9.5970e+00
1.6426e+13   9.6000e+00
1.6473e+13   9.6030e+00
1.6521e+13   9.6060e+00
1.6568e+13   9.6090e+00
1.6616e+13   9.6120e+00
1.6664e+13   9.6150e+00
1.6712e+13   9.6180e+00
1.6760e+13   9.6210e+00
1.6809e+13   9.6240e+00
1.6857e+13   9.6270e+00
1.6906e+13   9.6300e+00
1.6954e+13   9.6330e+00
1.7003e+13   9.6360e+00
1.7052e+13   9.6390e+00
1.7101e+13   9.6420e+00
1.7151e+13   9.6450e+00
1.7200e+13   9.6480e+00
1.7250e+13   9.6510e+00
1.7299e+13   9.6540e+00
1.7349e+13   9.6570e+00
1.7399e+13   9.6600e+00
1.7450e+13   9.6630e+00
1.7500e+13   9.6660e+00
1.7550e+13   9.6690e+00
1.7601e+13   9.6720e+00
1.7652e+13   9.6750e+00
1.7702e+13   9.6780e+00
1.7754e+13   9.6810e+00
1.7805e+13   9.6840e+00
1.7856e+13   9.6870e+00
1.7907e+13   9.6900e+00
1.7959e+13   9.6930e+00
1.8011e+13   9.6960e+00
1.8063e+13   9.6990e+00
1.8115e+13   9.7020e+00
1.8167e+13   9.7050e+00
1.8219e+13   9.7080e+00
1.8272e+13   9.7110e+00
1.8325e+13   9.7140e+00
1.8377e+13   9.7170e+00
1.8430e+13   9.7200e+00
1.8483e+13   9.7230e+00
1.8537e+13   9.7260e+00
1.8590e+13   9.7290e+00
1.8644e+13   9.7320e+00
1.8697e+13   9.7350e+00
1.8751e+13   9.7380e+00
1.8805e+13   9.7410e+00
1.8859e+13   9.7440e+00
1.8914e+13   9.7470e+00
1.8968e+13   9.7500e+00
1.9023e+13   9.7530e+00
1.9078e+13   9.7560e+00
1.9133e+13   9.7590e+00
1.9188e+13   9.7620e+00
1.9243e+13   9.7650e+00
1.9298e+13   9.7680e+00
1.9354e+13   9.7710e+00
1.9410e+13   9.7740e+00
1.9466e+13   9.7770e+00
1.9522e+13   9.7800e+00
1.9578e+13   9.7830e+00
1.9634e+13   9.7860e+00
1.9691e+13   9.7890e+00
1.9747e+13   9.7920e+00
1.9804e+13   9.7950e+00
1.9861e+13   9.7980e+00
1.9919e+13   9.8010e+00
1.9976e+13   9.8040e+00
2.0033e+13   9.8070e+00
2.0091e+13   9.8100e+00
2.0149e+13   9.8130e+00
2.0207e+13   9.8160e+00
2.0265e+13   9.8190e+00
2.0323e+13   9.8220e+00
2.0382e+13   9.8250e+00
2.0441e+13   9.8280e+00
2.0499e+13   9.8310e+00
2.0558e+13   9.8340e+00
2.0617e+13   9.8370e+00
2.0677e+13   9.8400e+00
2.0736e+13   9.8430e+00
2.0796e+13   9.8460e+00
2.0856e+13   9.8490e+00
2.0916e+13   9.8520e+00
2.0976e+13   9.8550e+00
2.1036e+13   9.8580e+00
2.1097e+13   9.8610e+00
2.1157e+13   9.8640e+00
2.1218e+13   9.8670e+00
2.1279e+13   9.8700e+00
2.1341e+13   9.8730e+00
2.1402e+13   9.8760e+00
2.1463e+13   9.8790e+00
2.1525e+13   9.8820e+00
2.1587e+13   9.8850e+00
2.1649e+13   9.8880e+00
2.1711e+13   9.8910e+00
2.1774e+13   9.8940e+00
2.1836e+13   9.8970e+00
2.1899e+13   9.9000e+00
2.1962e+13   9.9030e+00
2.2025e+13   9.9060e+00
2.2088e+13   9.9090e+00
2.2152e+13   9.9120e+00
2.2216e+13   9.9150e+00
2.2279e+13   9.9180e+00
2.2343e+13   9.9210e+00
2.2408e+13   9.9240e+00
2.2472e+13   9.9270e+00
2.2537e+13   9.9300e+00
2.2601e+13   9.9330e+00
2.2666e+13   9.9360e+00
2.2731e+13   9.9390e+00
2.2797e+13   9.9420e+00
2.2862e+13   9.9450e+00
2.2928e+13   9.9480e+00
2.2994e+13   9.9510e+00
2.3060e+13   9.9540e+00
2.3126e+13   9.9570e+00
2.3192e+13   9.9600e+00
2.3259e+13   9.9630e+00
2.3325e+13   9.9660e+00
2.3392e+13   9.9690e+00
2.3460e+13   9.9720e+00
2.3527e+13   9.9750e+00
2.3594e+13   9.9780e+00
2.3662e+13   9.9810e+00
2.3730e+13   9.9840e+00
2.3798e+13   9.9870e+00
2.3866e+13   9.9900e+00
2.3935e+13   9.9930e+00
2.4003e+13   9.9960e+00
2.4072e+13   9.9990e+00
2.4141e+13   1.0002e+01
2.4211e+13   1.0005e+01
2.4280e+13   1.0008e+01
2.4350e+13   1.0011e+01
2.4419e+13   1.0014e+01
2.4489e+13   1.0017e+01
2.4560e+13   1.0020e+01
2.4630e+13   1.0023e+01
2.4701e+13   1.0026e+01
2.4771e+13   1.0029e+01
2.4842e+13   1.0032e+01
2.4914e+13   1.0035e+01
2.4985e+13   1.0038e+01
2.5056e+13   1.0041e+01
2.5128e+13   1.0044e+01
2.5200e+13   1.0047e+01
2.5272e+13   1.0050e+01
2.5345e+13   1.0053e+01
2.5417e+13   1.0056e+01
2.5490e+13   1.0059e+01
2.5563e+13   1.0062e+01
2.5636e+13   1.0065e+01
2.5710e+13   1.0068e+01
2.9083e+13   1.0071e+01
2.9181e+13   1.0074e+01
2.9264e+13   1.0077e+01
2.9347e+13   1.0080e+01
2.9430e+13   1.0083e+01
2.9514e+13   1.0086e+01
2.9598e+13   1.0089e+01
2.9682e+13   1.0092e+01
2.9766e+13   1.0095e+01
2.9850e+13   1.0098e+01
2.9935e+13   1.0101e+01
3.0020e+13   1.0104e+01
3.0105e+13   1.0107e+01
3.0191e+13   1.0110e+01
3.0277e+13   1.0113e+01
3.0362e+13   1.0116e+01
3.0449e+13   1.0119e+01
3.0535e+13   1.0122e+01
3.0622e+13   1.0125e+01
3.0708e+13   1.0128e+01
3.0796e+13   1.0131e+01
3.0883e+13   1.0134e+01
3.0970e+13   1.0137e+01
3.1058e+13   1.0140e+01
3.1146e+13   1.0143e+01
3.1235e+13   1.0146e+01
3.1323e+13   1.0149e+01
3.1412e+13   1.0152e+01
3.1501e+13   1.0155e+01
3.1590e+13   1.0158e+01
3.1680e+13   1.0161e+01
3.1769e+13   1.0164e+01
3.1859e+13   1.0167e+01
3.1949e+13   1.0170e+01
3.2040e+13   1.0173e+01
3.2131e+13   1.0176e+01
3.2221e+13   1.0179e+01
3.2313e+13   1.0182e+01
3.2404e+13   1.0185e+01
3.2496e+13   1.0188e+01
3.2588e+13   1.0191e+01
3.2680e+13   1.0194e+01
3.2772e+13   1.0197e+01
3.2865e+13   1.0200e+01
3.2958e+13   1.0203e+01
3.3051e+13   1.0206e+01
3.3144e+13   1.0209e+01
3.3238e+13   1.0212e+01
3.3332e+13   1.0215e+01
3.3426e+13   1.0218e+01
3.3521e+13   1.0221e+01
3.3615e+13   1.0224e+01
3.3710e+13   1.0227e+01
3.3805e+13   1.0230e+01
3.3901e+13   1.0233e+01
3.3996e+13   1.0236e+01
3.4092e+13   1.0239e+01
3.4188e+13   1.0242e+01
3.4285e+13   1.0245e+01
3.4382e+13   1.0248e+01
3.4479e+13   1.0251e+01
3.4576e+13   1.0254e+01
3.4673e+13   1.0257e+01
3.4771e+13   1.0260e+01
3.4869e+13   1.0263e+01
3.4967e+13   1.0266e+01
3.5066e+13   1.0269e+01
3.5165e+13   1.0272e+01
3.5264e+13   1.0275e+01
3.5363e+13   1.0278e+01
3.5462e+13   1.0281e+01
3.5562e+13   1.0284e+01
3.5662e+13   1.0287e+01
3.5763e+13   1.0290e+01
3.5863e+13   1.0293e+01
3.5964e+13   1.0296e+01
3.6065e+13   1.0299e+01
3.6167e+13   1.0302e+01
3.6269e+13   1.0305e+01
3.6370e+13   1.0308e+01
3.6473e+13   1.0311e+01
3.6575e+13   1.0314e+01
3.6678e+13   1.0317e+01
3.6781e+13   1.0320e+01
3.6884e+13   1.0323e+01
3.6988e+13   1.0326e+01
3.7092e+13   1.0329e+01
3.7196e+13   1.0332e+01
3.7300e+13   1.0335e+01
3.7405e+13   1.0338e+01
3.7510e+13   1.0341e+01
3.7615e+13   1.0344e+01
3.7721e+13   1.0347e+01
3.7826e+13   1.0350e+01
3.7932e+13   1.0353e+01
3.8039e+13   1.0356e+01
3.8145e+13   1.0359e+01
3.8252e+13   1.0362e+01
3.8359e+13   1.0365e+01
3.8467e+13   1.0368e+01
3.6322e+13   1.0371e+01
3.6424e+13   1.0374e+01
3.6526e+13   1.0377e+01
3.6628e+13   1.0380e+01
3.6730e+13   1.0383e+01
3.6833e+13   1.0386e+01
3.6936e+13   1.0389e+01
3.7039e+13   1.0392e+01
3.7143e+13   1.0395e+01
3.7247e+13   1.0398e+01
3.7351e+13   1.0401e+01
3.7455e+13   1.0404e+01
3.7560e+13   1.0407e+01
3.7665e+13   1.0410e+01
3.7770e+13   1.0413e+01
3.7875e+13   1.0416e+01
3.7981e+13   1.0419e+01
3.8087e+13   1.0422e+01
3.8193e+13   1.0425e+01
3.8300e+13   1.0428e+01
3.8407e+13   1.0431e+01
3.8514e+13   1.0434e+01
3.8621e+13   1.0437e+01
3.8729e+13   1.0440e+01
3.8836e+13   1.0443e+01
3.8945e+13   1.0446e+01
3.9053e+13   1.0449e+01
3.9162e+13   1.0452e+01
3.9271e+13   1.0455e+01
3.9380e+13   1.0458e+01
3.9490e+13   1.0461e+01
3.9600e+13   1.0464e+01
3.9710e+13   1.0467e+01
3.9820e+13   1.0470e+01
3.9931e+13   1.0473e+01
4.0042e+13   1.0476e+01
4.0153e+13   1.0479e+01
4.0264e+13   1.0482e+01
4.0376e+13   1.0485e+01
4.0488e+13   1.0488e+01
4.0601e+13   1.0491e+01
4.0713e+13   1.0494e+01
4.0826e+13   1.0497e+01
4.0940e+13   1.0500e+01
4.1053e+13   1.0503e+01
4.1167e+13   1.0506e+01
4.1281e+13   1.0509e+01
4.1395e+13   1.0512e+01
4.1510e+13   1.0515e+01
4.1625e+13   1.0518e+01
4.1740e+13   1.0521e+01
4.1856e+13   1.0524e+01
4.1972e+13   1.0527e+01
4.2088e+13   1.0530e+01
4.2204e+13   1.0533e+01
4.2321e+13   1.0536e+01
4.2438e+13   1.0539e+01
4.2555e+13   1.0542e+01
4.2673e+13   1.0545e+01
4.2791e+13   1.0548e+01
4.2909e+13   1.0551e+01
4.3027e+13   1.0554e+01
4.3146e+13   1.0557e+01
4.3265e+13   1.0560e+01
4.3384e+13   1.0563e+01
4.3504e+13   1.0566e+01
4.3624e+13   1.0569e+01
4.3744e+13   1.0572e+01
4.3865e+13   1.0575e+01
4.3986e+13   1.0578e+01
4.4107e+13   1.0581e+01
4.4228e+13   1.0584e+01
4.4350e+13   1.0587e+01
4.4472e+13   1.0590e+01
4.4594e+13   1.0593e+01
4.4717e+13   1.0596e+01
4.4840e+13   1.0599e+01
4.4963e+13   1.0602e+01
4.5087e+13   1.0605e+01
4.5210e+13   1.0608e+01
4.5335e+13   1.0611e+01
4.5459e+13   1.0614e+01
4.5584e+13   1.0617e+01
4.5709e+13   1.0620e+01
4.5834e+13   1.0623e+01
4.5960e+13   1.0626e+01
4.6086e+13   1.0629e+01
4.6212e+13   1.0632e+01
4.6339e+13   1.0635e+01
4.6465e+13   1.0638e+01
4.6593e+13   1.0641e+01
4.6720e+13   1.0644e+01
4.6848e+13   1.0647e+01
4.6976e+13   1.0650e+01
4.7105e+13   1.0653e+01
4.7233e+13   1.0656e+01
4.7362e+13   1.0659e+01
4.7492e+13   1.0662e+01
4.7621e+13   1.0665e+01
4.7751e+13   1.0668e+01
4.7882e+13   1.0671e+01
4.8012e+13   1.0674e+01
4.8143e+13   1.0677e+01
4.8275e+13   1.0680e+01
4.8406e+13   1.0683e+01
4.8538e+13   1.0686e+01
4.8670e+13   1.0689e+01
4.8803e+13   1.0692e+01
4.8935e+13   1.0695e+01
4.9069e+13   1.0698e+01
4.9202e+13   1.0701e+01
4.9336e+13   1.0704e+01
4.9470e+13   1.0707e+01
4.9604e+13   1.0710e+01
4.9739e+13   1.0713e+01
4.9874e+13   1.0716e+01
5.0009e+13   1.0719e+01
5.0145e+13   1.0722e+01
5.0281e+13   1.0725e+01
5.0417e+13   1.0728e+01
5.0554e+13   1.0731e+01
5.0691e+13   1.0734e+01
5.0828e+13   1.0737e+01
5.0966e+13   1.0740e+01
5.1104e+13   1.0743e+01
5.1242e+13   1.0746e+01
5.1381e+13   1.0749e+01
5.1519e+13   1.0752e+01
5.1659e+13   1.0755e+01
5.1798e+13   1.0758e+01
5.1938e+13   1.0761e+01
5.2078e+13   1.0764e+01
5.2219e+13   1.0767e+01
5.2360e+13   1.0770e+01
5.2501e+13   1.0773e+01
5.2642e+13   1.0776e+01
5.2784e+13   1.0779e+01
5.2926e+13   1.0782e+01
5.3069e+13   1.0785e+01
5.3211e+13   1.0788e+01
5.3354e+13   1.0791e+01
5.3498e+13   1.0794e+01
5.3642e+13   1.0797e+01
5.3786e+13   1.0800e+01
5.3930e+13   1.0803e+01
5.4075e+13   1.0806e+01
5.4220e+13   1.0809e+01
5.4365e+13   1.0812e+01
5.4511e+13   1.0815e+01
5.4657e+13   1.0818e+01
5.4804e+13   1.0821e+01
5.4950e+13   1.0824e+01
5.5097e+13   1.0827e+01
5.5245e+13   1.0830e+01
5.5393e+13   1.0833e+01
5.5541e+13   1.0836e+01
5.5689e+13   1.0839e+01
5.5838e+13   1.0842e+01
5.5987e+13   1.0845e+01
5.6136e+13   1.0848e+01
5.6286e+13   1.0851e+01
5.6436e+13   1.0854e+01
5.6586e+13   1.0857e+01
5.6737e+13   1.0860e+01
5.6888e+13   1.0863e+01
5.7040e+13   1.0866e+01
5.7191e+13   1.0869e+01
5.7343e+13   1.0872e+01
5.7496e+13   1.0875e+01
5.7649e+13   1.0878e+01
5.7802e+13   1.0881e+01
5.7955e+13   1.0884e+01
5.8109e+13   1.0887e+01
5.8263e+13   1.0890e+01
5.8417e+13   1.0893e+01
5.8572e+13   1.0896e+01
5.8727e+13   1.0899e+01
5.8883e+13   1.0902e+01
5.9038e+13   1.0905e+01
5.9194e+13   1.0908e+01
5.9351e+13   1.0911e+01
5.9508e+13   1.0914e+01
5.9665e+13   1.0917e+01
5.9822e+13   1.0920e+01
5.9980e+13   1.0923e+01
6.0138e+13   1.0926e+01
6.0297e+13   1.0929e+01
6.0455e+13   1.0932e+01
6.0615e+13   1.0935e+01
6.0774e+13   1.0938e+01
6.0934e+13   1.0941e+01
6.1094e+13   1.0944e+01
6.1255e+13   1.0947e+01
6.1415e+13   1.0950e+01
6.1577e+13   1.0953e+01
6.1738e+13   1.0956e+01
6.1900e+13   1.0959e+01
6.2062e+13   1.0962e+01
6.2225e+13   1.0965e+01
6.2388e+13   1.0968e+01
6.2551e+13   1.0971e+01
6.2714e+13   1.0974e+01
6.2878e+13   1.0977e+01
6.3042e+13   1.0980e+01
6.3207e+13   1.0983e+01
6.3372e+13   1.0986e+01
6.3537e+13   1.0989e+01
6.3703e+13   1.0992e+01
6.3869e+13   1.0995e+01
6.4035e+13   1.0998e+01
6.4202e+13   1.1001e+01
6.4369e+13   1.1004e+01
6.4536e+13   1.1007e+01
6.4704e+13   1.1010e+01
6.4872e+13   1.1013e+01
6.5040e+13   1.1016e+01
6.5209e+13   1.1019e+01
6.5378e+13   1.1022e+01
6.5547e+13   1.1025e+01
6.5717e+13   1.1028e+01
6.5887e+13   1.1031e+01
6.6057e+13   1.1034e+01
6.6228e+13   1.1037e+01
6.6399e+13   1.1040e+01
6.6570e+13   1.1043e+01
6.6742e+13   1.1046e+01
6.6914e+13   1.1049e+01
6.7086e+13   1.1052e+01
6.7259e+13   1.1055e+01
6.7432e+13   1.1058e+01
6.7606e+13   1.1061e+01
6.7779e+13   1.1064e+01
6.7953e+13   1.1067e+01
6.8128e+13   1.1070e+01
6.8303e+13   1.1073e+01
6.8478e+13   1.1076e+01
6.8653e+13   1.1079e+01
6.8829e+13   1.1082e+01
6.9005e+13   1.1085e+01
6.9182e+13   1.1088e+01
6.9358e+13   1.1091e+01
6.9536e+13   1.1094e+01
6.9713e+13   1.1097e+01
6.9891e+13   1.1100e+01
7.0069e+13   1.1103e+01
7.0248e+13   1.1106e+01
7.0426e+13   1.1109e+01
7.0606e+13   1.1112e+01
7.0785e+13   1.1115e+01
7.0965e+13   1.1118e+01
7.1145e+13   1.1121e+01
7.1326e+13   1.1124e+01
7.1506e+13   1.1127e+01
7.1688e+13   1.1130e+01
7.1869e+13   1.1133e+01
7.2051e+13   1.1136e+01
7.2233e+13   1.1139e+01
7.2416e+13   1.1142e+01
7.2599e+13   1.1145e+01
7.2782e+13   1.1148e+01
7.2965e+13   1.1151e+01
7.3149e+13   1.1154e+01
7.3333e+13   1.1157e+01
7.3518e+13   1.1160e+01
7.3703e+13   1.1163e+01
7.3888e+13   1.1166e+01
7.4073e+13   1.1169e+01
7.4259e+13   1.1172e+01
7.4445e+13   1.1175e+01
7.4632e+13   1.1178e+01
7.4818e+13   1.1181e+01
7.5006e+13   1.1184e+01
7.5193e+13   1.1187e+01
7.5381e+13   1.1190e+01
7.5569e+13   1.1193e+01
7.5757e+13   1.1196e+01
7.5946e+13   1.1199e+01
7.6135e+13   1.1202e+01
7.6325e+13   1.1205e+01
7.6514e+13   1.1208e+01
7.6705e+13   1.1211e+01
7.6895e+13   1.1214e+01
7.7086e+13   1.1217e+01
7.7277e+13   1.1220e+01
7.7468e+13   1.1223e+01
7.7660e+13   1.1226e+01
7.7852e+13   1.1229e+01
7.8044e+13   1.1232e+01
7.8237e+13   1.1235e+01
7.8430e+13   1.1238e+01
7.8623e+13   1.1241e+01
7.8816e+13   1.1244e+01
7.9010e+13   1.1247e+01
7.9204e+13   1.1250e+01
7.9399e+13   1.1253e+01
7.9594e+13   1.1256e+01
7.9789e+13   1.1259e+01
7.9984e+13   1.1262e+01
8.0180e+13   1.1265e+01
8.0376e+13   1.1268e+01
8.0573e+13   1.1271e+01
8.0769e+13   1.1274e+01
8.0966e+13   1.1277e+01
8.1164e+13   1.1280e+01
8.1361e+13   1.1283e+01
8.1559e+13   1.1286e+01
8.1757e+13   1.1289e+01
8.1956e+13   1.1292e+01
8.2155e+13   1.1295e+01
8.2354e+13   1.1298e+01
8.2553e+13   1.1301e+01
8.2753e+13   1.1304e+01
8.2953e+13   1.1307e+01
8.3154e+13   1.1310e+01
8.3354e+13   1.1313e+01
8.3555e+13   1.1316e+01
8.3756e+13   1.1319e+01
8.3958e+13   1.1322e+01
8.4160e+13   1.1325e+01
8.4362e+13   1.1328e+01
8.4564e+13   1.1331e+01
8.4767e+13   1.1334e+01
8.4970e+13   1.1337e+01
8.5173e+13   1.1340e+01
8.5377e+13   1.1343e+01
8.5580e+13   1.1346e+01
8.5785e+13   1.1349e+01
8.5989e+13   1.1352e+01
8.6194e+13   1.1355e+01
8.6399e+13   1.1358e+01
8.6604e+13   1.1361e+01
8.6809e+13   1.1364e+01
8.7015e+13   1.1367e+01
8.7221e+13   1.1370e+01
8.7428e+13   1.1373e+01
8.7634e+13   1.1376e+01
8.7841e+13   1.1379e+01
8.8048e+13   1.1382e+01
8.8256e+13   1.1385e+01
8.8464e+13   1.1388e+01
8.8672e+13   1.1391e+01
8.8880e+13   1.1394e+01
8.9088e+13   1.1397e+01
8.9297e+13   1.1400e+01
8.9506e+13   1.1403e+01
8.9715e+13   1.1406e+01
8.9925e+13   1.1409e+01
9.0135e+13   1.1412e+01
9.0345e+13   1.1415e+01
9.0555e+13   1.1418e+01
9.0766e+13   1.1421e+01
9.0977e+13   1.1424e+01
9.1188e+13   1.1427e+01
9.1399e+13   1.1430e+01
9.1610e+13   1.1433e+01
9.1822e+13   1.1436e+01
9.2034e+13   1.1439e+01
9.2247e+13   1.1442e+01
9.2459e+13   1.1445e+01
9.2672e+13   1.1448e+01
9.2885e+13   1.1451e+01
9.3098e+13   1.1454e+01
9.3312e+13   1.1457e+01
9.3525e+13   1.1460e+01
9.3739e+13   1.1463e+01
9.3954e+13   1.1466e+01
9.4168e+13   1.1469e+01
9.4383e+13   1.1472e+01
9.4597e+13   1.1475e+01
9.4812e+13   1.1478e+01
9.5028e+13   1.1481e+01
9.5243e+13   1.1484e+01
9.5459e+13   1.1487e+01
9.5675e+13   1.1490e+01
9.5891e+13   1.1493e+01
9.6107e+13   1.1496e+01
9.6324e+13   1.1499e+01
9.6541e+13   1.1502e+01
9.6758e+13   1.1505e+01
9.6975e+13   1.1508e+01
9.7192e+13   1.1511e+01
9.7410e+13   1.1514e+01
9.7628e+13   1.1517e+01
9.7845e+13   1.1520e+01
9.8064e+13   1.1523e+01
9.8282e+13   1.1526e+01
9.8500e+13   1.1529e+01
9.8719e+13   1.1532e+01
9.8938e+13   1.1535e+01
9.9157e+13   1.1538e+01
9.9376e+13   1.1541e+01
9.9596e+13   1.1544e+01
9.9815e+13   1.1547e+01
1.0004e+14   1.1550e+01
1.0026e+14   1.1553e+01
1.0048e+14   1.1556e+01
1.0070e+14   1.1559e+01
1.0092e+14   1.1562e+01
1.0114e+14   1.1565e+01
1.0136e+14   1.1568e+01
1.0158e+14   1.1571e+01
1.0180e+14   1.1574e+01
1.0202e+14   1.1577e+01
1.0224e+14   1.1580e+01
1.0246e+14   1.1583e+01
1.0268e+14   1.1586e+01
1.0291e+14   1.1589e+01
1.0313e+14   1.1592e+01
1.0335e+14   1.1595e+01
1.0357e+14   1.1598e+01
1.0379e+14   1.1601e+01
1.0402e+14   1.1604e+01
1.0424e+14   1.1607e+01
1.0446e+14   1.1610e+01
1.0468e+14   1.1613e+01
1.0491e+14   1.1616e+01
1.0513e+14   1.1619e+01
1.0535e+14   1.1622e+01
1.0558e+14   1.1625e+01
1.0580e+14   1.1628e+01
1.0602e+14   1.1631e+01
1.0625e+14   1.1634e+01
1.0647e+14   1.1637e+01
1.0669e+14   1.1640e+01
1.0692e+14   1.1643e+01
1.0714e+14   1.1646e+01
1.0737e+14   1.1649e+01
1.0759e+14   1.1652e+01
1.0781e+14   1.1655e+01
1.0804e+14   1.1658e+01
1.0826e+14   1.1661e+01
1.0849e+14   1.1664e+01
1.0871e+14   1.1667e+01
1.0893e+14   1.1670e+01
1.0916e+14   1.1673e+01
1.0938e+14   1.1676e+01
1.0961e+14   1.1679e+01
1.0983e+14   1.1682e+01
1.1006e+14   1.1685e+01
1.1028e+14   1.1688e+01
1.1051e+14   1.1691e+01
1.1073e+14   1.1694e+01
1.1096e+14   1.1697e+01
1.1118e+14   1.1700e+01
1.1141e+14   1.1703e+01
1.1163e+14   1.1706e+01
1.1186e+14   1.1709e+01
1.1208e+14   1.1712e+01
1.1230e+14   1.1715e+01
1.1253e+14   1.1718e+01
1.1275e+14   1.1721e+01
1.1298e+14   1.1724e+01
1.1320e+14   1.1727e+01
1.1343e+14   1.1730e+01
1.1365e+14   1.1733e+01
1.1388e+14   1.1736e+01
1.1410e+14   1.1739e+01
1.1433e+14   1.1742e+01
1.1455e+14   1.1745e+01
1.1478e+14   1.1748e+01
1.1500e+14   1.1751e+01
1.1523e+14   1.1754e+01
1.1545e+14   1.1757e+01
1.1567e+14   1.1760e+01
1.1590e+14   1.1763e+01
1.1612e+14   1.1766e+01
1.1635e+14   1.1769e+01
1.1657e+14   1.1772e+01
1.1680e+14   1.1775e+01
1.1702e+14   1.1778e+01
1.1724e+14   1.1781e+01
1.1747e+14   1.1784e+01
1.1769e+14   1.1787e+01
1.1791e+14   1.1790e+01
1.1814e+14   1.1793e+01
1.1836e+14   1.1796e+01
1.1858e+14   1.1799e+01
1.1881e+14   1.1802e+01
1.1903e+14   1.1805e+01
1.1925e+14   1.1808e+01
1.1948e+14   1.1811e+01
1.1970e+14   1.1814e+01
1.1992e+14   1.1817e+01
1.2014e+14   1.1820e+01
1.2036e+14   1.1823e+01
1.2059e+14   1.1826e+01
1.2081e+14   1.1829e+01
1.3652e+14   1.1832e+01
1.3683e+14   1.1835e+01
1.3706e+14   1.1838e+01
1.3730e+14   1.1841e+01
1.3753e+14   1.1844e+01
1.3777e+14   1.1847e+01
1.3800e+14   1.1850e+01
1.3823e+14   1.1853e+01
1.3847e+14   1.1856e+01
1.3870e+14   1.1859e+01
1.3893e+14   1.1862e+01
1.3916e+14   1.1865e+01
1.3940e+14   1.1868e+01
1.3963e+14   1.1871e+01
1.3986e+14   1.1874e+01
1.4009e+14   1.1877e+01
1.4032e+14   1.1880e+01
1.4055e+14   1.1883e+01
1.4078e+14   1.1886e+01
1.4101e+14   1.1889e+01
1.4124e+14   1.1892e+01
1.4147e+14   1.1895e+01
1.4169e+14   1.1898e+01
1.4192e+14   1.1901e+01
1.4215e+14   1.1904e+01
1.4237e+14   1.1907e+01
1.4260e+14   1.1910e+01
1.4283e+14   1.1913e+01
1.4305e+14   1.1916e+01
1.4328e+14   1.1919e+01
1.4350e+14   1.1922e+01
1.4372e+14   1.1925e+01
1.4395e+14   1.1928e+01
1.4417e+14   1.1931e+01
1.4439e+14   1.1934e+01
1.4461e+14   1.1937e+01
1.4483e+14   1.1940e+01
1.4505e+14   1.1943e+01
1.4527e+14   1.1946e+01
1.4549e+14   1.1949e+01
1.4571e+14   1.1952e+01
1.4593e+14   1.1955e+01
1.4614e+14   1.1958e+01
1.4636e+14   1.1961e+01
1.4658e+14   1.1964e+01
1.4679e+14   1.1967e+01
1.4701e+14   1.1970e+01
1.4722e+14   1.1973e+01
1.4744e+14   1.1976e+01
1.4765e+14   1.1979e+01
1.4786e+14   1.1982e+01
1.4807e+14   1.1985e+01
1.4828e+14   1.1988e+01
1.4849e+14   1.1991e+01
1.4870e+14   1.1994e+01
1.4891e+14   1.1997e+01
1.4912e+14   1.2000e+01
1.4933e+14   1.2003e+01
1.4953e+14   1.2006e+01
1.4974e+14   1.2009e+01
1.4994e+14   1.2012e+01
1.5015e+14   1.2015e+01
1.5035e+14   1.2018e+01
1.5055e+14   1.2021e+01
1.5076e+14   1.2024e+01
1.5096e+14   1.2027e+01
1.5116e+14   1.2030e+01
1.5136e+14   1.2033e+01
1.5156e+14   1.2036e+01
1.5175e+14   1.2039e+01
1.5195e+14   1.2042e+01
1.5215e+14   1.2045e+01
1.5234e+14   1.2048e+01
1.5254e+14   1.2051e+01
1.5273e+14   1.2054e+01
1.5292e+14   1.2057e+01
1.5311e+14   1.2060e+01
1.5330e+14   1.2063e+01
1.5349e+14   1.2066e+01
1.5368e+14   1.2069e+01
1.5387e+14   1.2072e+01
1.5406e+14   1.2075e+01
1.5424e+14   1.2078e+01
1.5443e+14   1.2081e+01
1.5461e+14   1.2084e+01
1.5480e+14   1.2087e+01
1.5498e+14   1.2090e+01
1.5516e+14   1.2093e+01
1.5534e+14   1.2096e+01
1.5552e+14   1.2099e+01
1.5570e+14   1.2102e+01
1.5587e+14   1.2105e+01
1.5605e+14   1.2108e+01
1.5622e+14   1.2111e+01
1.5640e+14   1.2114e+01
1.5657e+14   1.2117e+01
1.5674e+14   1.2120e+01
1.5691e+14   1.2123e+01
1.5708e+14   1.2126e+01
1.5725e+14   1.2129e+01
1.4822e+14   1.2132e+01
1.4838e+14   1.2135e+01
1.4853e+14   1.2138e+01
1.4869e+14   1.2141e+01
1.4884e+14   1.2144e+01
1.4899e+14   1.2147e+01
1.4914e+14   1.2150e+01
1.4929e+14   1.2153e+01
1.4944e+14   1.2156e+01
1.4959e+14   1.2159e+01
1.4973e+14   1.2162e+01
1.4988e+14   1.2165e+01
1.5002e+14   1.2168e+01
1.5016e+14   1.2171e+01
1.5030e+14   1.2174e+01
1.5044e+14   1.2177e+01
1.5058e+14   1.2180e+01
1.5072e+14   1.2183e+01
1.5085e+14   1.2186e+01
1.5099e+14   1.2189e+01
1.5112e+14   1.2192e+01
1.5125e+14   1.2195e+01
1.5138e+14   1.2198e+01
1.5151e+14   1.2201e+01
1.5164e+14   1.2204e+01
1.5176e+14   1.2207e+01
1.5189e+14   1.2210e+01
1.5201e+14   1.2213e+01
1.5213e+14   1.2216e+01
1.5225e+14   1.2219e+01
1.5237e+14   1.2222e+01
1.5249e+14   1.2225e+01
1.5261e+14   1.2228e+01
1.5272e+14   1.2231e+01
1.5284e+14   1.2234e+01
1.5295e+14   1.2237e+01
1.5306e+14   1.2240e+01
1.5317e+14   1.2243e+01
1.5327e+14   1.2246e+01
1.5338e+14   1.2249e+01
1.5348e+14   1.2252e+01
1.5359e+14   1.2255e+01
1.5369e+14   1.2258e+01
1.5379e+14   1.2261e+01
1.5389e+14   1.2264e+01
1.5398e+14   1.2267e+01
1.5408e+14   1.2270e+01
1.5417e+14   1.2273e+01
1.5426e+14   1.2276e+01
1.5435e+14   1.2279e+01
1.5444e+14   1.2282e+01
1.5453e+14   1.2285e+01
1.5461e+14   1.2288e+01
1.5469e+14   1.2291e+01
1.5478e+14   1.2294e+01
1.5486e+14   1.2297e+01
1.5493e+14   1.2300e+01
1.5501e+14   1.2303e+01
1.5508e+14   1.2306e+01
1.5516e+14   1.2309e+01
1.5523e+14   1.2312e+01
1.5530e+14   1.2315e+01
1.5536e+14   1.2318e+01
1.5543e+14   1.2321e+01
1.5549e+14   1.2324e+01
1.5555e+14   1.2327e+01
1.5561e+14   1.2330e+01
1.5567e+14   1.2333e+01
1.5573e+14   1.2336e+01
1.5578e+14   1.2339e+01
1.5583e+14   1.2342e+01
1.5588e+14   1.2345e+01
1.5593e+14   1.2348e+01
1.5598e+14   1.2351e+01
1.5602e+14   1.2354e+01
1.5606e+14   1.2357e+01
1.5610e+14   1.2360e+01
1.5614e+14   1.2363e+01
1.5618e+14   1.2366e+01
1.5621e+14   1.2369e+01
1.5624e+14   1.2372e+01
1.5627e+14   1.2375e+01
1.5630e+14   1.2378e+01
1.5632e+14   1.2381e+01
1.5635e+14   1.2384e+01
1.5637e+14   1.2387e+01
1.5639e+14   1.2390e+01
1.5641e+14   1.2393e+01
1.5642e+14   1.2396e+01
1.5643e+14   1.2399e+01
1.5644e+14   1.2402e+01
1.5645e+14   1.2405e+01
1.5646e+14   1.2408e+01
1.5646e+14   1.2411e+01
1.5646e+14   1.2414e+01
1.5646e+14   1.2417e+01
1.5646e+14   1.2420e+01
1.5645e+14   1.2423e+01
1.5644e+14   1.2426e+01
1.5643e+14   1.2429e+01
1.5642e+14   1.2432e+01
1.5641e+14   1.2435e+01
1.5639e+14   1.2438e+01
1.5637e+14   1.2441e+01
1.5635e+14   1.2444e+01
1.5632e+14   1.2447e+01
1.5630e+14   1.2450e+01
1.5627e+14   1.2453e+01
1.5623e+14   1.2456e+01
1.5620e+14   1.2459e+01
1.5616e+14   1.2462e+01
1.5612e+14   1.2465e+01
1.5608e+14   1.2468e+01
1.5604e+14   1.2471e+01
1.5599e+14   1.2474e+01
1.5594e+14   1.2477e+01
1.5589e+14   1.2480e+01
1.5583e+14   1.2483e+01
1.5578e+14   1.2486e+01
1.5572e+14   1.2489e+01
1.5565e+14   1.2492e+01
1.5559e+14   1.2495e+01
1.5552e+14   1.2498e+01
1.5545e+14   1.2501e+01
1.5538e+14   1.2504e+01
1.5530e+14   1.2507e+01
1.5522e+14   1.2510e+01
1.5514e+14   1.2513e+01
1.5505e+14   1.2516e+01
1.5497e+14   1.2519e+01
1.5488e+14   1.2522e+01
1.5478e+14   1.2525e+01
1.5469e+14   1.2528e+01
1.5459e+14   1.2531e+01
1.5449e+14   1.2534e+01
1.5439e+14   1.2537e+01
1.5428e+14   1.2540e+01
1.5417e+14   1.2543e+01
1.5406e+14   1.2546e+01
1.5394e+14   1.2549e+01
1.5382e+14   1.2552e+01
1.5370e+14   1.2555e+01
1.5358e+14   1.2558e+01
1.5345e+14   1.2561e+01
1.5332e+14   1.2564e+01
1.5318e+14   1.2567e+01
1.5305e+14   1.2570e+01
1.5291e+14   1.2573e+01
1.5277e+14   1.2576e+01
1.5262e+14   1.2579e+01
1.5247e+14   1.2582e+01
1.5232e+14   1.2585e+01
1.5216e+14   1.2588e+01
1.5201e+14   1.2591e+01
1.5185e+14   1.2594e+01
1.5168e+14   1.2597e+01
1.5151e+14   1.2600e+01
1.5134e+14   1.2603e+01
1.5117e+14   1.2606e+01
1.5099e+14   1.2609e+01
1.5081e+14   1.2612e+01
1.5063e+14   1.2615e+01
1.5044e+14   1.2618e+01
1.5025e+14   1.2621e+01
1.5006e+14   1.2624e+01
1.4986e+14   1.2627e+01
1.4966e+14   1.2630e+01
1.4946e+14   1.2633e+01
1.4925e+14   1.2636e+01
1.4905e+14   1.2639e+01
1.4883e+14   1.2642e+01
1.4862e+14   1.2645e+01
1.4840e+14   1.2648e+01
1.4817e+14   1.2651e+01
1.4795e+14   1.2654e+01
1.4772e+14   1.2657e+01
1.4748e+14   1.2660e+01
1.4725e+14   1.2663e+01
1.9870e+14   1.2666e+01
1.9848e+14   1.2669e+01
1.9785e+14   1.2672e+01
1.9722e+14   1.2675e+01
1.9658e+14   1.2678e+01
1.9594e+14   1.2681e+01
1.9529e+14   1.2684e+01
1.9464e+14   1.2687e+01
1.9398e+14   1.2690e+01
1.9331e+14   1.2693e+01
1.9264e+14   1.2696e+01
1.9196e+14   1.2699e+01
1.9128e+14   1.2702e+01
1.9059e+14   1.2705e+01
1.8990e+14   1.2708e+01
1.8920e+14   1.2711e+01
1.8849e+14   1.2714e+01
1.8778e+14   1.2717e+01
1.8706e+14   1.2720e+01
1.8634e+14   1.2723e+01
1.8561e+14   1.2726e+01
1.8488e+14   1.2729e+01
1.8414e+14   1.2732e+01
1.8340e+14   1.2735e+01
1.8265e+14   1.2738e+01
1.8189e+14   1.2741e+01
1.8113e+14   1.2744e+01
1.8036e+14   1.2747e+01
1.7959e+14   1.2750e+01
1.7881e+14   1.2753e+01
1.7802e+14   1.2756e+01
1.7724e+14   1.2759e+01
1.7644e+14   1.2762e+01
1.7564e+14   1.2765e+01
1.7483e+14   1.2768e+01
1.7402e+14   1.2771e+01
1.7320e+14   1.2774e+01
1.7238e+14   1.2777e+01
1.7155e+14   1.2780e+01
1.7072e+14   1.2783e+01
1.6988e+14   1.2786e+01
1.6903e+14   1.2789e+01
1.6819e+14   1.2792e+01
1.6733e+14   1.2795e+01
1.6647e+14   1.2798e+01
1.6560e+14   1.2801e+01
1.6473e+14   1.2804e+01
1.6385e+14   1.2807e+01
1.6297e+14   1.2810e+01
1.6209e+14   1.2813e+01
1.6119e+14   1.2816e+01
1.6030e+14   1.2819e+01
1.5939e+14   1.2822e+01
1.5849e+14   1.2825e+01
1.5757e+14   1.2828e+01
1.5665e+14   1.2831e+01
1.5573e+14   1.2834e+01
1.5480e+14   1.2837e+01
1.5387e+14   1.2840e+01
1.5293e+14   1.2843e+01
1.5199e+14   1.2846e+01
1.5104e+14   1.2849e+01
1.5009e+14   1.2852e+01
1.4913e+14   1.2855e+01
1.4817e+14   1.2858e+01
1.4720e+14   1.2861e+01
1.4623e+14   1.2864e+01
1.4525e+14   1.2867e+01
1.4427e+14   1.2870e+01
1.4329e+14   1.2873e+01
1.4230e+14   1.2876e+01
1.4130e+14   1.2879e+01
1.4031e+14   1.2882e+01
1.3930e+14   1.2885e+01
1.3829e+14   1.2888e+01
1.3728e+14   1.2891e+01
1.3627e+14   1.2894e+01
1.3525e+14   1.2897e+01
1.3422e+14   1.2900e+01
1.3319e+14   1.2903e+01
1.3216e+14   1.2906e+01
1.3112e+14   1.2909e+01
1.3008e+14   1.2912e+01
1.2904e+14   1.2915e+01
1.2799e+14   1.2918e+01
1.2694e+14   1.2921e+01
1.2589e+14   1.2924e+01
1.2483e+14   1.2927e+01
1.2376e+14   1.2930e+01
1.2270e+14   1.2933e+01
1.2163e+14   1.2936e+01
1.2056e+14   1.2939e+01
1.1948e+14   1.2942e+01
1.1840e+14   1.2945e+01
1.1732e+14   1.2948e+01
1.1623e+14   1.2951e+01
1.1515e+14   1.2954e+01
1.1406e+14   1.2957e+01
1.1296e+14   1.2960e+01
1.1187e+14   1.2963e+01
1.0430e+14   1.2966e+01
1.0326e+14   1.2969e+01
1.0222e+14   1.2972e+01
1.0118e+14   1.2975e+01
1.0014e+14   1.2978e+01
9.9090e+13   1.2981e+01
9.8042e+13   1.2984e+01
9.6992e+13   1.2987e+01
9.5940e+13   1.2990e+01
9.4887e+13   1.2993e+01
9.3832e+13   1.2996e+01
9.2776e+13   1.2999e+01
9.1718e+13   1.3002e+01
9.0658e+13   1.3005e+01
8.9598e+13   1.3008e+01
8.8536e+13   1.3011e+01
8.7474e+13   1.3014e+01
8.6410e+13   1.3017e+01
8.5346e+13   1.3020e+01
8.4281e+13   1.3023e+01
8.3216e+13   1.3026e+01
8.2149e+13   1.3029e+01
8.1083e+13   1.3032e+01
8.0016e+13   1.3035e+01
7.8950e+13   1.3038e+01
7.7883e+13   1.3041e+01
7.6816e+13   1.3044e+01
7.5749e+13   1.3047e+01
7.4683e+13   1.3050e+01
7.3618e+13   1.3053e+01
7.2553e+13   1.3056e+01
7.1488e+13   1.3059e+01
7.0425e+13   1.3062e+01
6.9362e+13   1.3065e+01
6.8301e+13   1.3068e+01
6.7241e+13   1.3071e+01
6.6182e+13   1.3074e+01
6.5125e+13   1.3077e+01
6.4070e+13   1.3080e+01
6.3016e+13   1.3083e+01
6.1964e+13   1.3086e+01
6.0915e+13   1.3089e+01
5.9868e+13   1.3092e+01
5.8823e+13   1.3095e+01
5.7781e+13   1.3098e+01
5.6741e+13   1.3101e+01
5.5705e+13   1.3104e+01
5.4671e+13   1.3107e+01
5.3641e+13   1.3110e+01
5.2614e+13   1.3113e+01
5.1591e+13   1.3116e+01
5.0571e+13   1.3119e+01
4.9556e+13   1.3122e+01
4.8544e+13   1.3125e+01
4.7537e+13   1.3128e+01
4.6534e+13   1.3131e+01
4.5536e+13   1.3134e+01
4.4542e+13   1.3137e+01
4.3554e+13   1.3140e+01
4.2571e+13   1.3143e+01
4.1593e+13   1.3146e+01
4.0621e+13   1.3149e+01
3.9654e+13   1.3152e+01
3.8693e+13   1.3155e+01
3.7739e+13   1.3158e+01
3.6791e+13   1.3161e+01
3.5849e+13   1.3164e+01
3.4914e+13   1.3167e+01
3.3986e+13   1.3170e+01
3.3066e+13   1.3173e+01
3.2152e+13   1.3176e+01
3.1246e+13   1.3179e+01
3.0349e+13   1.3182e+01
2.9459e+13   1.3185e+01
2.8577e+13   1.3188e+01
2.7704e+13   1.3191e+01
2.6839e+13   1.3194e+01
2.5984e+13   1.3197e+01
2.5137e+13   1.3200e+01
2.4300e+13   1.3203e+01
2.3473e+13   1.3206e+01
2.2655e+13   1.3209e+01
2.1848e+13   1.3212e+01
2.1050e+13   1.3215e+01
2.0264e+13   1.3218e+01
1.9488e+13   1.3221e+01
1.8723e+13   1.3224e+01
1.7970e+13   1.3227e+01
1.7228e+13   1.3230e+01
1.6498e+13   1.3233e+01
1.5780e+13   1.3236e+01
1.5074e+13   1.3239e+01
1.4381e+13   1.3242e+01
1.3701e+13   1.3245e+01
1.3033e+13   1.3248e+01
1.2379e+13   1.3251e+01
1.1739e+13   1.3254e+01
1.1113e+13   1.3257e+01
1.0500e+13   1.3260e+01
9.9022e+12   1.3263e+01
9.3188e+12   1.3266e+01
8.7504e+12   1.3269e+01
8.1971e+12   1.3272e+01
7.6593e+12   1.3275e+01
7.1371e+12   1.3278e+01
6.6309e+12   1.3281e+01
6.1410e+12   1.3284e+01
5.6676e+12   1.3287e+01
5.2109e+12   1.3290e+01
4.7712e+12   1.3293e+01
4.3489e+12   1.3296e+01
3.9441e+12   1.3299e+01
3.5571e+12   1.3302e+01
3.1882e+12   1.3305e+01
2.8376e+12   1.3308e+01
2.5056e+12   1.3311e+01
2.2495e+12   1.3314e+01
1.9413e+12   1.3317e+01
1.6539e+12   1.3320e+01
1.3877e+12   1.3323e+01
1.1429e+12   1.3326e+01
9.1968e+11   1.3329e+01
7.1831e+11   1.3332e+01
5.3909e+11   1.3335e+01
3.8236e+11   1.3338e+01
2.4867e+11   1.3341e+01
1.3894e+11   1.3344e+01
5.5289e+10   1.3347e+01
